review_id,brand_name,category,image_path,metadata_missing,current_description,review_feedback,aesthetic_keywords,silhouettes,materials,palette,current_image_similarity,feedback_image_similarity,feedback_advantage,current_similarity_percentile,audit_priority,baseline_description,baseline_current_image_similarity,description_changed,similarity_change
ER-235,Anya Hindmarch,bags,ios/BrandMoodboardFinder/BrandMoodboardFinder/BrandMoodboards/v2__bags__anya_hindmarch.jpg,False,"Aesthetic: witty, playful, refined, inventive, characterful. Silhouettes: eyes totes, cereal-box clutches, woven shoppers, structured top handles and embellished evening bags. Materials: smooth leather, recycled nylon, woven fibres, sequins and appliqué. Palette: black, red, cobalt, natural straw, metallics and bright novelty colour.",Medium vibe. Two of the same black bag in the moodboard Vibe can be more cheeky and fun regenerated,"witty, playful, refined, inventive, characterful","eyes totes, cereal-box clutches, woven shoppers, structured top handles and embellished evening bags","smooth leather, recycled nylon, woven fibres, sequins and appliqué","black, red, cobalt, natural straw, metallics and bright novelty colour",0.240359,0.259383,0.019024,0.003106,0.714566,"Aesthetic: playful, witty, refined, inventive, crafted. Silhouettes: structured totes, embellished clutches, motif bags. Materials: leather, recycled materials. Palette: black, red, metallics, pastel pops.",0.267961,True,-0.027602
ER-219,THOMAS SABO,jewellery,ios/BrandMoodboardFinder/BrandMoodboardFinder/BrandMoodboards/v2__jewellery__thomas_sabo.jpg,False,"Aesthetic: charm-led, approachable, playful, layering, contemporary. Silhouettes: charm bracelets, fine chains, motif pendants. Materials: sterling silver, gold plate, gemstones. Palette: silver, gold, gemstone.","close vibe, word on the collage regenerated","charm-led, approachable, playful, layering, contemporary","charm bracelets, fine chains, motif pendants","sterling silver, gold plate, gemstones","silver, gold, gemstone",0.275871,0.289980,0.014109,0.034161,0.677175,"Aesthetic: charm-led, approachable, playful, layering, contemporary. Silhouettes: charm bracelets, fine chains, motif pendants. Materials: sterling silver, gold plate, gemstones. Palette: silver, gold, gemstone.",0.275871,False,0.000000
ER-326,No Problemo,clothes,ios/BrandMoodboardFinder/BrandMoodboardFinder/BrandMoodboards/v2__clothes__no_problemo.jpg,False,"Aesthetic: graphic streetwear, retro sci-fi, skate, playful, utilitarian. Silhouettes: logo short-sleeve T-shirts, logo crewneck sweatshirts, striped long sleeves, ripstop workwear, technical shells, fleece jackets and silver puffers. Materials: cotton jersey, brushed fleece, ripstop cotton, sherpa fleece and quilted technical fabric. Palette: black, washed grey, forest green, cream, silver and fluorescent yellow accents.",Include core shirts and sweatshirts carrying the NO PROBLEMO logo as well as the wider streetwear range. catalog_added_and_generated,"graphic streetwear, retro sci-fi, skate, playful, utilitarian","logo short-sleeve T-shirts, logo crewneck sweatshirts, striped long sleeves, ripstop workwear, technical shells, fleece jackets and silver puffers","cotton jersey, brushed fleece, ripstop cotton, sherpa fleece and quilted technical fabric","black, washed grey, forest green, cream, silver and fluorescent yellow accents",0.268031,0.276929,0.008898,0.018634,0.669031,"Aesthetic: No Problemo clothing with playful London streetwear and retro sci-fi outsider energy. Silhouettes: fully clothed adult looks or garments: black brushed-fleece sweatshirt, striped long-sleeve tee, forest ripstop work-pant look, silver down puffer, plaid overshirt and an olive nylon jacket with matching trousers. Materials: cotton, wool, denim, leather, knit and technical seasonal fabrics. Palette: black, forest green, silver, rust, cream and fluorescent yellow with one small abstract alien motif only.",0.272180,True,-0.004149
ER-103,Opera Sport,clothes,ios/BrandMoodboardFinder/BrandMoodboardFinder/BrandMoodboards/v2__clothes__opera_sport.jpg,False,"Aesthetic: Copenhagen cool, sporty, feminine, minimal, contemporary. Silhouettes: track jackets, drawstring trousers, sleek dresses, striped knits and relaxed tailored layers. Materials: recycled technical fabric, cotton, wool knit and soft jersey. Palette: black, cream, navy, burgundy and clear primary accents.","Off vibe. more hip, mi x ing te x tures and asymmetry, sporty and elegant mi x regenerated","Copenhagen cool, sporty, feminine, minimal, contemporary","track jackets, drawstring trousers, sleek dresses, striped knits and relaxed tailored layers","recycled technical fabric, cotton, wool knit and soft jersey","black, cream, navy, burgundy and clear primary accents",0.259874,0.256880,-0.002994,0.006211,0.645963,"Aesthetic: considered, contemporary, easy, soft, retro. Silhouettes: soft tailoring, easy knits, relaxed separates. Materials: wool, cotton, recycled fabrics. Palette: muted tones, ecru, navy, brights.",0.311185,True,-0.051311
ER-270,Marge Sherwood,bags,ios/BrandMoodboardFinder/BrandMoodboardFinder/BrandMoodboards/v2__bags__marge_sherwood.jpg,False,"Aesthetic: retro-modern, playful, sleek, youthful, sculptural. Silhouettes: curved shoulder bags, east-west bags, soft hobos, compact top handles and charm-decorated minis. Materials: glossy leather, suede, grained leather and silver-tone charms. Palette: black, chocolate, burgundy, cream and bright seasonal colour.","Off vibe. More hip shapes, bag charms, colours regenerated","retro-modern, playful, sleek, youthful, sculptural","curved shoulder bags, east-west bags, soft hobos, compact top handles and charm-decorated minis","glossy leather, suede, grained leather and silver-tone charms","black, chocolate, burgundy, cream and bright seasonal colour",0.260886,0.240437,-0.020449,0.009317,0.643944,"Aesthetic: minimal, retro, soft, considered, sleek. Silhouettes: soft shoulder bags, slouchy totes, structured minis. Materials: glossy and grained leather. Palette: black, tan, brown, jewel tones.",0.266726,True,-0.005840
ER-322,Never Fully Dressed,clothes,ios/BrandMoodboardFinder/BrandMoodboardFinder/BrandMoodboards/v2__clothes__never_fully_dressed.jpg,False,"Aesthetic: Never Fully Dressed clothing celebrating inclusive, feel-good London maximalism. Silhouettes: fully clothed adult looks across visibly varied body types: reversible animal-print wrap dress, colourful abstract-print shirt-and-trouser co-ord, floral wrap midi dress, bright knit cardigan-and-wide-leg-trouser set, elevated pink tailored suit and a playful fruit-print skirt with a plain top. Materials: cotton, wool, denim, leather, knit and technical seasonal fabrics. Palette: joyful pink, orange, cobalt, green, chocolate and cream.","The moodboard feels off-vibe compared with current imagery; make it more elevated, versatile and representative. catalog_added_and_generated","Never Fully Dressed clothing celebrating inclusive, feel-good London maximalism","fully clothed adult looks across visibly varied body types: reversible animal-print wrap dress, colourful abstract-print shirt-and-trouser co-ord, floral wrap midi dress, bright knit cardigan-and-wide-leg-trouser set, elevated pink tailored suit and a playful fruit-print skirt with a plain top","cotton, wool, denim, leather, knit and technical seasonal fabrics","joyful pink, orange, cobalt, green, chocolate and cream",0.265652,0.264617,-0.001035,0.012422,0.641925,"Aesthetic: Never Fully Dressed clothing celebrating inclusive, feel-good London maximalism. Silhouettes: fully clothed adult looks across visibly varied body types: reversible animal-print wrap dress, colourful abstract-print shirt-and-trouser co-ord, floral wrap midi dress, bright knit cardigan-and-wide-leg-trouser set, elevated pink tailored suit and a playful fruit-print skirt with a plain top. Materials: cotton, wool, denim, leather, knit and technical seasonal fabrics. Palette: joyful pink, orange, cobalt, green, chocolate and cream.",0.265652,False,-0.000000
ER-115,Praying,clothes,ios/BrandMoodboardFinder/BrandMoodboardFinder/BrandMoodboards/v2__clothes__praying.jpg,False,"Aesthetic: irreverent, graphic, provocative, youthful, bold. Silhouettes: slogan tees, graphic separates, easy pieces. Materials: cotton jersey. Palette: black, white, ecru, graphic.","Off vibe. none of the images are on brand. Y 2 K, pop culture refs and memes regenerated","irreverent, graphic, provocative, youthful, bold","slogan tees, graphic separates, easy pieces",cotton jersey,"black, white, ecru, graphic",0.267560,0.243937,-0.023622,0.015528,0.639907,"Aesthetic: irreverent, graphic, provocative, youthful, bold. Silhouettes: slogan tees, graphic separates, easy pieces. Materials: cotton jersey. Palette: black, white, ecru, graphic.",0.267560,False,-0.000000
ER-304,Jean Paul Gaultier,clothes,ios/BrandMoodboardFinder/BrandMoodboardFinder/BrandMoodboards/v2__clothes__jean_paul_gaultier.jpg,False,"Aesthetic: Jean Paul Gaultier clothing celebrating iconic Paris irreverence with fully covered styling. Silhouettes: adult looks: crystal-striped Breton sailor top, sculptural cone-bust jacket over an opaque high-neck base, tattoo-inspired mesh layered over black lining, corset-seamed tailored dress, pinstriped kilt-suit and a sharply sliced trench. Materials: cotton, wool, denim, leather, knit and technical seasonal fabrics. Palette: navy, white, black, red and metallic silver with theatrical atelier light.",Add this brand and create a category-appropriate moodboard. catalog_added_and_generated,Jean Paul Gaultier clothing celebrating iconic Paris irreverence with fully covered styling,"adult looks: crystal-striped Breton sailor top, sculptural cone-bust jacket over an opaque high-neck base, tattoo-inspired mesh layered over black lining, corset-seamed tailored dress, pinstriped kilt-suit and a sharply sliced trench","cotton, wool, denim, leather, knit and technical seasonal fabrics","navy, white, black, red and metallic silver with theatrical atelier light",0.269051,0.253527,-0.015524,0.021739,0.635870,"Aesthetic: Jean Paul Gaultier clothing celebrating iconic Paris irreverence with fully covered styling. Silhouettes: adult looks: crystal-striped Breton sailor top, sculptural cone-bust jacket over an opaque high-neck base, tattoo-inspired mesh layered over black lining, corset-seamed tailored dress, pinstriped kilt-suit and a sharply sliced trench. Materials: cotton, wool, denim, leather, knit and technical seasonal fabrics. Palette: navy, white, black, red and metallic silver with theatrical atelier light.",0.269051,False,0.000000
ER-195,Jacquemus,shoes,ios/BrandMoodboardFinder/BrandMoodboardFinder/BrandMoodboards/v2__shoes__jacquemus.jpg,False,"Aesthetic: sculptural, sensual, playful, Mediterranean, fashion-forward. Silhouettes: asymmetric sandals, sculptural mules, curved heels, platform shoes and statement boots. Materials: smooth leather, suede, raffia, transparent vinyl and polished metal. Palette: cream, black, tan, yellow, red and bright seasonal colour.",Medium vibe - the overall vibe is too plain. regenerated,"sculptural, sensual, playful, Mediterranean, fashion-forward","asymmetric sandals, sculptural mules, curved heels, platform shoes and statement boots","smooth leather, suede, raffia, transparent vinyl and polished metal","cream, black, tan, yellow, red and bright seasonal colour",0.273057,0.201847,-0.071210,0.024845,0.633851,"Aesthetic: sunny, sculptural, sensual, minimal-playful, coastal. Silhouettes: loafers, ballet flats, ankle boots, clean sandals. Materials: leather, suede, rubber, canvas. Palette: black, cream, taupe, brown.",0.284087,True,-0.011030
ER-292,Conner Ives,clothes,ios/BrandMoodboardFinder/BrandMoodboardFinder/BrandMoodboards/v2__clothes__conner_ives.jpg,False,"Aesthetic: upcycled glamour, eclectic Americana, romantic, theatrical, crafted. Silhouettes: reconstructed slip dresses, printed chiffon gowns, tuxedo shirting, sequinned evening dresses and embellished skirts. Materials: reclaimed jersey, chiffon, lace, sequins, velvet and leather. Palette: cream, black, oxblood, antique gold and vintage mixed prints.","The moodboard feels off-vibe compared with current imagery; show a broader, more eclectic and crafted range. catalog_added_and_generated","upcycled glamour, eclectic Americana, romantic, theatrical, crafted","reconstructed slip dresses, printed chiffon gowns, tuxedo shirting, sequinned evening dresses and embellished skirts","reclaimed jersey, chiffon, lace, sequins, velvet and leather","cream, black, oxblood, antique gold and vintage mixed prints",0.273527,0.242029,-0.031498,0.027950,0.631832,"Aesthetic: Conner Ives clothing expressing resourceful London-made Americana and upcycled glamour. Silhouettes: fully clothed adult looks or garments: a reconstituted shirred T-shirt, bias-cut T-shirt maxi dress without legible words, recycled-spandex shell-belt dress, sequin jersey polo dress, scarf-panel mini dress and a reconstructed baseball-jersey look. Materials: cotton, wool, denim, leather, knit and technical seasonal fabrics. Palette: saturated red, cobalt, gold, black, cream and vintage mixed prints with visible reclaimed construction.",0.233554,True,0.039973
ER-162,Arizona Love,shoes,ios/BrandMoodboardFinder/BrandMoodboardFinder/BrandMoodboards/v2__shoes__arizona_love.jpg,False,"Aesthetic: eclectic, bohemian, handcrafted, colourful, festival. Silhouettes: bandana sandals, beaded platform sandals, fringed boots, embellished clogs and wrapped slides. Materials: bandana cotton, suede, leather, beads, embroidery and fringe. Palette: turquoise, red, tan, black, cream and multicolour textile print.","All images off vibe. more eclectic, with beads, fringe, bandana fabric. regenerated","eclectic, bohemian, handcrafted, colourful, festival","bandana sandals, beaded platform sandals, fringed boots, embellished clogs and wrapped slides","bandana cotton, suede, leather, beads, embroidery and fringe","turquoise, red, tan, black, cream and multicolour textile print",0.273932,0.226335,-0.047597,0.031056,0.629814,"Aesthetic: bohemian, vibrant, coastal, relaxed, playful. Silhouettes: loafers, ballet flats, sandals, ankle boots, clean sneakers. Materials: recycled fabrics, suede, denim, linen. Palette: terracotta, ocean teal, dusty rose, leopard.",0.276571,True,-0.002639
ER-224,Vera Wang,jewellery,ios/BrandMoodboardFinder/BrandMoodboardFinder/BrandMoodboards/v2__jewellery__vera_wang.jpg,False,"Aesthetic: romantic, dramatic, bridal-led, ethereal, ornamental. Silhouettes: crystal earrings, cocktail rings, chokers, cuffs. Materials: crystals, gold-tone metal, silver-tone metal, pearls. Palette: gold, silver, pearl, jewel tones.","medium vibe, too over the top. more rings regenerated","romantic, dramatic, bridal-led, ethereal, ornamental","crystal earrings, cocktail rings, chokers, cuffs","crystals, gold-tone metal, silver-tone metal, pearls","gold, silver, pearl, jewel tones",0.276793,0.251887,-0.024906,0.037267,0.625776,"Aesthetic: romantic, dramatic, bridal-led, ethereal, ornamental. Silhouettes: crystal earrings, cocktail rings, chokers, cuffs. Materials: crystals, gold-tone metal, silver-tone metal, pearls. Palette: gold, silver, pearl, jewel tones.",0.276793,False,0.000000
ER-321,Needles,clothes,ios/BrandMoodboardFinder/BrandMoodboardFinder/BrandMoodboards/v2__clothes__needles.jpg,False,"Aesthetic: Needles clothing expressing Japanese-Americana eccentricity and relaxed craft. Silhouettes: fully clothed adult looks or garments: purple side-stripe track jacket, wide H.D. Materials: cotton, wool, denim, leather, knit and technical seasonal fabrics. Palette: purple, black, olive, rust, cream and teal with tactile velour, mohair and patchwork.",Add this brand and create a category-appropriate moodboard. catalog_added_and_generated,Needles clothing expressing Japanese-Americana eccentricity and relaxed craft,"fully clothed adult looks or garments: purple side-stripe track jacket, wide H.D","cotton, wool, denim, leather, knit and technical seasonal fabrics","purple, black, olive, rust, cream and teal with tactile velour, mohair and patchwork",0.280954,0.228284,-0.052671,0.040373,0.623758,"Aesthetic: Needles clothing expressing Japanese-Americana eccentricity and relaxed craft. Silhouettes: fully clothed adult looks or garments: purple side-stripe track jacket, wide H.D. Materials: cotton, wool, denim, leather, knit and technical seasonal fabrics. Palette: purple, black, olive, rust, cream and teal with tactile velour, mohair and patchwork.",0.280954,False,0.000000
ER-069,LOCI,clothes,ios/BrandMoodboardFinder/BrandMoodboardFinder/BrandMoodboards/v2__clothes__loci.jpg,False,"Aesthetic: vegan, sport-casual, minimal, sustainable, urban. Silhouettes: low-top sneakers, clean trainers, sporty basics. Materials: bio leather alternatives, recycled textiles, rubber. Palette: white, black, beige, muted colour accents.","medium vibe - the brand has limited apparel, mostly sweatpants, hoodies, etc. Shoes se3m wrong - normally have a semi-cricle logo regenerated","vegan, sport-casual, minimal, sustainable, urban","low-top sneakers, clean trainers, sporty basics","bio leather alternatives, recycled textiles, rubber","white, black, beige, muted colour accents",0.287789,0.292809,0.005020,0.068323,0.623161,"Aesthetic: vegan, sport-casual, minimal, sustainable, urban. Silhouettes: low-top sneakers, clean trainers, sporty basics. Materials: bio leather alternatives, recycled textiles, rubber. Palette: white, black, beige, muted colour accents.",0.287789,False,-0.000000
ER-123,Sandro,clothes,ios/BrandMoodboardFinder/BrandMoodboardFinder/BrandMoodboards/v2__clothes__sandro.jpg,False,"Aesthetic: refined, contemporary, chic, polished. Silhouettes: sharp tailoring, easy dresses, soft knits. Materials: wool, cotton, leather. Palette: black, navy, ecru, soft tones.","Close vibe, but 3 pairs of the same item close up vs model regenerated","refined, contemporary, chic, polished","sharp tailoring, easy dresses, soft knits","wool, cotton, leather","black, navy, ecru, soft tones",0.281729,0.198461,-0.083267,0.043478,0.621739,"Aesthetic: refined, contemporary, chic, polished. Silhouettes: sharp tailoring, easy dresses, soft knits. Materials: wool, cotton, leather. Palette: black, navy, ecru, soft tones.",0.281729,False,-0.000000
ER-178,Claris Virot,shoes,ios/BrandMoodboardFinder/BrandMoodboardFinder/BrandMoodboards/v2__shoes__claris_virot.jpg,False,"Aesthetic: exotic-leather, colourful, polished, accessory-first, playful. Silhouettes: leather-adjacent accessories, coordinated styling pieces, compact accents. Materials: python leather, calf leather, suede, metal hardware. Palette: emerald, cobalt, coral, tan, black.",Medium vibe - less snake print now and remove the bag image regenerated,"exotic-leather, colourful, polished, accessory-first, playful","leather-adjacent accessories, coordinated styling pieces, compact accents","python leather, calf leather, suede, metal hardware","emerald, cobalt, coral, tan, black",0.282363,0.224542,-0.057821,0.046584,0.619720,"Aesthetic: exotic-leather, colourful, polished, accessory-first, playful. Silhouettes: leather-adjacent accessories, coordinated styling pieces, compact accents. Materials: python leather, calf leather, suede, metal hardware. Palette: emerald, cobalt, coral, tan, black.",0.282363,False,-0.000000
ER-166,BILLINI,shoes,ios/BrandMoodboardFinder/BrandMoodboardFinder/BrandMoodboards/v2__shoes__billini.jpg,False,"Aesthetic: trend-led, approachable, glam, easy, statement. Silhouettes: block heels, sculpted boots, strappy sandals. Materials: synthetic leather, suede. Palette: nude tones, black, tan, brights.",2 pairs of repeated images medium vibes - more ‘trendy’ shapes regenerated,"trend-led, approachable, glam, easy, statement","block heels, sculpted boots, strappy sandals","synthetic leather, suede","nude tones, black, tan, brights",0.283144,0.233327,-0.049817,0.049689,0.617702,"Aesthetic: trend-led, approachable, glam, easy, statement. Silhouettes: block heels, sculpted boots, strappy sandals. Materials: synthetic leather, suede. Palette: nude tones, black, tan, brights.",0.283144,False,0.000000
ER-244,Collina Strada,bags,ios/BrandMoodboardFinder/BrandMoodboardFinder/BrandMoodboards/v2__bags__collina_strada.jpg,False,"Aesthetic: joyful, upcycled, experimental, print-led, playful. Silhouettes: mini bags, shoulder bags, top-handle bags, soft totes. Materials: leather, satin, raffia, chain hardware. Palette: cream, blush, black, red, seasonal prints.","S imilar vibe, but they have done a lot of collabs so hard to find good bags. the black chain image, the big beige tote feel off. keep_and_regenerate","joyful, upcycled, experimental, print-led, playful","mini bags, shoulder bags, top-handle bags, soft totes","leather, satin, raffia, chain hardware","cream, blush, black, red, seasonal prints",0.284359,0.277291,-0.007068,0.052795,0.615683,"Aesthetic: joyful, upcycled, experimental, print-led, playful. Silhouettes: mini bags, shoulder bags, top-handle bags, soft totes. Materials: leather, satin, raffia, chain hardware. Palette: cream, blush, black, red, seasonal prints.",0.284359,False,0.000000
ER-197,Jeffrey Campbell,shoes,ios/BrandMoodboardFinder/BrandMoodboardFinder/BrandMoodboards/v2__shoes__jeffrey_campbell.jpg,False,"Aesthetic: trend-led, bold, playful, eclectic, statement. Silhouettes: platform boots, chunky heels, statement sandals. Materials: leather, suede, synthetic. Palette: black, brights, tan, metallic.","Close vibe, repeated image. add iconic platforms regenerated","trend-led, bold, playful, eclectic, statement","platform boots, chunky heels, statement sandals","leather, suede, synthetic","black, brights, tan, metallic",0.285791,0.283023,-0.002768,0.055901,0.613665,"Aesthetic: trend-led, bold, playful, eclectic, statement. Silhouettes: platform boots, chunky heels, statement sandals. Materials: leather, suede, synthetic. Palette: black, brights, tan, metallic.",0.285791,False,-0.000000
ER-138,Sugarlips,clothes,ios/BrandMoodboardFinder/BrandMoodboardFinder/BrandMoodboards/v2__clothes__sugarlips.jpg,False,"Aesthetic: flirty, trend-led, easy, feminine, party. Silhouettes: bodycon dresses, going-out tops, easy separates. Materials: knit, jersey, stretch fabrics. Palette: brights, black, pastel, neutral.",repeated image regenerated,"flirty, trend-led, easy, feminine, party","bodycon dresses, going-out tops, easy separates","knit, jersey, stretch fabrics","brights, black, pastel, neutral",0.287287,0.207524,-0.079764,0.059006,0.611646,"Aesthetic: flirty, trend-led, easy, feminine, party. Silhouettes: bodycon dresses, going-out tops, easy separates. Materials: knit, jersey, stretch fabrics. Palette: brights, black, pastel, neutral.",0.287287,False,0.000000
ER-363,Puma,shoes,ios/BrandMoodboardFinder/BrandMoodboardFinder/BrandMoodboards/v2__shoes__puma.jpg,False,"Aesthetic: motorsport, terrace, retro sport, performance, fashion-forward. Silhouettes: driving shoes, suede terrace sneakers, retro court shoes, sculptural fashion trainers, runners and football boots. Materials: suede, leather, technical mesh, synthetic overlays and rubber. Palette: red, forest green, black, silver, neon yellow and white.","Add a separate shoe moodboard because footwear is a core, visually distinct part of this brand's current assortment. catalog_added_and_generated","motorsport, terrace, retro sport, performance, fashion-forward","driving shoes, suede terrace sneakers, retro court shoes, sculptural fashion trainers, runners and football boots","suede, leather, technical mesh, synthetic overlays and rubber","red, forest green, black, silver, neon yellow and white",0.299550,0.311725,0.012175,0.127329,0.609847,"Aesthetic: Puma footwear combines motorsport driving shoes, terrace classics, suede icons, sculptural fashion sneakers, performance running and football boots. Silhouettes: Puma footwear combines motorsport driving shoes, terrace classics, suede icons, sculptural fashion sneakers, performance running and football boots. Materials: leather, suede, canvas, mesh, rubber and technical textiles. Palette: brand-signature neutrals and seasonal colour accents.",0.274411,True,0.025139
ER-189,Henrik Vibskov,shoes,ios/BrandMoodboardFinder/BrandMoodboardFinder/BrandMoodboards/v2__shoes__henrik_vibskov.jpg,False,"Aesthetic: eccentric, artful, surreal, playful, experimental. Silhouettes: voluminous cuts, print mixes, sculptural pieces. Materials: leather, suede, canvas, rubber, textile. Palette: surreal print, brights, ecru, black.","Medium vibe - less print, more shapes regenerated","eccentric, artful, surreal, playful, experimental","voluminous cuts, print mixes, sculptural pieces","leather, suede, canvas, rubber, textile","surreal print, brights, ecru, black",0.287337,0.240204,-0.047133,0.062112,0.609627,"Aesthetic: eccentric, artful, surreal, playful, experimental. Silhouettes: voluminous cuts, print mixes, sculptural pieces. Materials: leather, suede, canvas, rubber, textile. Palette: surreal print, brights, ecru, black.",0.287337,False,-0.000000
ER-273,Marni,bags,ios/BrandMoodboardFinder/BrandMoodboardFinder/BrandMoodboards/v2__bags__marni.jpg,False,"Aesthetic: artful, eclectic, offbeat, colourful, crafty. Silhouettes: trunk bags, market totes, sculptural shoulder bags, printed pouches. Materials: leather, raffia, canvas, jacquard. Palette: unexpected colour, print, earthy, brights.",Medium vibe - 3 of the same prints across images. regenerated,"artful, eclectic, offbeat, colourful, crafty","trunk bags, market totes, sculptural shoulder bags, printed pouches","leather, raffia, canvas, jacquard","unexpected colour, print, earthy, brights",0.287374,0.171138,-0.116236,0.065217,0.607609,"Aesthetic: artful, eclectic, offbeat, colourful, crafty. Silhouettes: trunk bags, market totes, sculptural shoulder bags, printed pouches. Materials: leather, raffia, canvas, jacquard. Palette: unexpected colour, print, earthy, brights.",0.287374,False,0.000000
ER-148,Tory Burch,clothes,ios/BrandMoodboardFinder/BrandMoodboardFinder/BrandMoodboards/v2__clothes__tory_burch.jpg,False,"Aesthetic: preppy, polished, eclectic, refined, bold. Silhouettes: shift dresses, print separates, tailored pieces. Materials: cotton, silk, leather. Palette: print, navy, ivory, brights.","Medium vibe - less print like in the image, more preppy regenerated","preppy, polished, eclectic, refined, bold","shift dresses, print separates, tailored pieces","cotton, silk, leather","print, navy, ivory, brights",0.287794,0.270610,-0.017184,0.071429,0.603571,"Aesthetic: preppy, polished, eclectic, refined, bold. Silhouettes: shift dresses, print separates, tailored pieces. Materials: cotton, silk, leather. Palette: print, navy, ivory, brights.",0.287794,False,0.000000
ER-112,Perle by Lola,clothes,ios/BrandMoodboardFinder/BrandMoodboardFinder/BrandMoodboards/v2__clothes__perle_by_lola.jpg,False,"Aesthetic: pearl-led, feminine, decorative, delicate, polished. Silhouettes: embellished accessories, occasion accents, soft styling pieces. Materials: pearls, satin, beads, gold-tone metal. Palette: pearl white, gold, cream, blush, black.","off vibe. the brand does clothes & jewelry, but more boho regenerated","pearl-led, feminine, decorative, delicate, polished","embellished accessories, occasion accents, soft styling pieces","pearls, satin, beads, gold-tone metal","pearl white, gold, cream, blush, black",0.287899,0.266245,-0.021654,0.074534,0.601553,"Aesthetic: pearl-led, feminine, decorative, delicate, polished. Silhouettes: embellished accessories, occasion accents, soft styling pieces. Materials: pearls, satin, beads, gold-tone metal. Palette: pearl white, gold, cream, blush, black.",0.287899,False,0.000000
ER-088,Miu Miu,clothes,ios/BrandMoodboardFinder/BrandMoodboardFinder/BrandMoodboards/v2__clothes__miu_miu.jpg,False,"Aesthetic: playful, offbeat, retro, coquettish, refined. Silhouettes: micro-mini cuts, retro tailoring, embellished pieces. Materials: wool, satin, leather, crystal. Palette: soft tones, black, brights, print.","te x t on the collage. Medium vibe. T he styling is off, need to swap some images - the bag off brand, the satin top, the close up te x tiles. regenerated","playful, offbeat, retro, coquettish, refined","micro-mini cuts, retro tailoring, embellished pieces","wool, satin, leather, crystal","soft tones, black, brights, print",0.290556,0.229138,-0.061417,0.077640,0.599534,"Aesthetic: playful, offbeat, retro, coquettish, refined. Silhouettes: micro-mini cuts, retro tailoring, embellished pieces. Materials: wool, satin, leather, crystal. Palette: soft tones, black, brights, print.",0.290556,False,-0.000000
ER-335,ABRA,shoes,ios/BrandMoodboardFinder/BrandMoodboardFinder/BrandMoodboards/v2__shoes__abra.jpg,False,"Aesthetic: product-only ABRA Paris footwear with one complete single shoe per panel: black Baby Boot, tall red Baby Boot, silver Kitten Spike Ballerina, brown Duck Loafer, leopard Sneaker Ballerina with bow and a black XXL Flip Flop. Silhouettes: product-only ABRA Paris footwear with one complete single shoe per panel: black Baby Boot, tall red Baby Boot, silver Kitten Spike Ballerina, brown Duck Loafer, leopard Sneaker Ballerina with bow and a black XXL Flip Flop. Materials: leather, suede, canvas, mesh, rubber and technical textiles. Palette: brand-signature neutrals and seasonal colour accents.",Add this brand and create a category-appropriate moodboard. catalog_added_and_generated,"product-only ABRA Paris footwear with one complete single shoe per panel: black Baby Boot, tall red Baby Boot, silver Kitten Spike Ballerina, brown Duck Loafer, leopard Sneaker Ballerina with bow and a black XXL Flip Flop","product-only ABRA Paris footwear with one complete single shoe per panel: black Baby Boot, tall red Baby Boot, silver Kitten Spike Ballerina, brown Duck Loafer, leopard Sneaker Ballerina with bow and a black XXL Flip Flop","leather, suede, canvas, mesh, rubber and technical textiles",brand-signature neutrals and seasonal colour accents,0.290847,0.233634,-0.057214,0.080745,0.597516,"Aesthetic: product-only ABRA Paris footwear with one complete single shoe per panel: black Baby Boot, tall red Baby Boot, silver Kitten Spike Ballerina, brown Duck Loafer, leopard Sneaker Ballerina with bow and a black XXL Flip Flop. Silhouettes: product-only ABRA Paris footwear with one complete single shoe per panel: black Baby Boot, tall red Baby Boot, silver Kitten Spike Ballerina, brown Duck Loafer, leopard Sneaker Ballerina with bow and a black XXL Flip Flop. Materials: leather, suede, canvas, mesh, rubber and technical textiles. Palette: brand-signature neutrals and seasonal colour accents.",0.290847,False,0.000000
ER-341,EYTYS,shoes,ios/BrandMoodboardFinder/BrandMoodboardFinder/BrandMoodboards/v2__shoes__eytys.jpg,False,"Aesthetic: product-only EYTYS footwear with one complete single hero shoe per panel: black suede Doja slip-on, off-white canvas Anthem plimsoll, white leather Balestra sporty dress shoe, silver-grey technical Trophy sneaker, black architectural Piston boot and barolo leather Poem boot. Silhouettes: product-only EYTYS footwear with one complete single hero shoe per panel: black suede Doja slip-on, off-white canvas Anthem plimsoll, white leather Balestra sporty dress shoe, silver-grey technical Trophy sneaker, black architectural Piston boot and barolo leather Poem boot. Materials: leather, suede, canvas, mesh, rubber and technical textiles. Palette: brand-signature neutrals and seasonal colour accents.",The board repeats boots; show a broader set of distinct current footwear forms. catalog_added_and_generated,"product-only EYTYS footwear with one complete single hero shoe per panel: black suede Doja slip-on, off-white canvas Anthem plimsoll, white leather Balestra sporty dress shoe, silver-grey technical Trophy sneaker, black architectural Piston boot and barolo leather Poem boot","product-only EYTYS footwear with one complete single hero shoe per panel: black suede Doja slip-on, off-white canvas Anthem plimsoll, white leather Balestra sporty dress shoe, silver-grey technical Trophy sneaker, black architectural Piston boot and barolo leather Poem boot","leather, suede, canvas, mesh, rubber and technical textiles",brand-signature neutrals and seasonal colour accents,0.291038,0.269898,-0.021141,0.083851,0.595497,"Aesthetic: product-only EYTYS footwear with one complete single hero shoe per panel: black suede Doja slip-on, off-white canvas Anthem plimsoll, white leather Balestra sporty dress shoe, silver-grey technical Trophy sneaker, black architectural Piston boot and barolo leather Poem boot. Silhouettes: product-only EYTYS footwear with one complete single hero shoe per panel: black suede Doja slip-on, off-white canvas Anthem plimsoll, white leather Balestra sporty dress shoe, silver-grey technical Trophy sneaker, black architectural Piston boot and barolo leather Poem boot. Materials: leather, suede, canvas, mesh, rubber and technical textiles. Palette: brand-signature neutrals and seasonal colour accents.",0.291038,False,0.000000
ER-186,Gabriela Hearst,shoes,ios/BrandMoodboardFinder/BrandMoodboardFinder/BrandMoodboards/v2__shoes__gabriela_hearst.jpg,False,"Aesthetic: restrained refinement, considered, sustainable, tactile, practical. Silhouettes: loafers, ballet flats, ankle boots, clean sandals. Materials: leather, suede, rubber, canvas. Palette: black, cream, taupe, brown.",2 pairs of repeated images regenerated,"restrained refinement, considered, sustainable, tactile, practical","loafers, ballet flats, ankle boots, clean sandals","leather, suede, rubber, canvas","black, cream, taupe, brown",0.291216,0.169433,-0.121784,0.086957,0.593478,"Aesthetic: restrained refinement, considered, sustainable, tactile, practical. Silhouettes: loafers, ballet flats, ankle boots, clean sandals. Materials: leather, suede, rubber, canvas. Palette: black, cream, taupe, brown.",0.291216,False,0.000000
ER-269,Marc Jacobs,bags,ios/BrandMoodboardFinder/BrandMoodboardFinder/BrandMoodboards/v2__bags__marc_jacobs.jpg,False,"Aesthetic: eclectic, bold, playful, subversive, detail-oriented. Silhouettes: mini bags, shoulder bags, top-handle bags, soft totes. Materials: leather, satin, raffia, chain hardware. Palette: cream, blush, black, red, seasonal prints.","close vibe, but most popular tote and small bag missing. can lose the straw bag and the double red zipper. regenerated","eclectic, bold, playful, subversive, detail-oriented","mini bags, shoulder bags, top-handle bags, soft totes","leather, satin, raffia, chain hardware","cream, blush, black, red, seasonal prints",0.292241,0.261848,-0.030392,0.090062,0.591460,"Aesthetic: eclectic, bold, playful, subversive, detail-oriented. Silhouettes: mini bags, shoulder bags, top-handle bags, soft totes. Materials: leather, satin, raffia, chain hardware. Palette: cream, blush, black, red, seasonal prints.",0.292241,False,-0.000000
ER-128,Siedrés,clothes,ios/BrandMoodboardFinder/BrandMoodboardFinder/BrandMoodboards/v2__clothes__siedres.jpg,False,"Aesthetic: sunny, contemporary, print, sensual, resort. Silhouettes: cut-out dresses, print separates, easy resortwear. Materials: cotton, viscose, knit. Palette: bold print, brights, ivory.","repeated image. medium vibe. print yes, but silhouettes are different regenerated","sunny, contemporary, print, sensual, resort","cut-out dresses, print separates, easy resortwear","cotton, viscose, knit","bold print, brights, ivory",0.293285,0.269915,-0.023370,0.093168,0.589441,"Aesthetic: sunny, contemporary, print, sensual, resort. Silhouettes: cut-out dresses, print separates, easy resortwear. Materials: cotton, viscose, knit. Palette: bold print, brights, ivory.",0.293285,False,-0.000000
ER-271,Marine Serre,bags,ios/BrandMoodboardFinder/BrandMoodboardFinder/BrandMoodboards/v2__bags__marine_serre.jpg,False,"Aesthetic: futuristic, crescent-moon, polished, graphic, upcycled-luxe. Silhouettes: crescent hobos, moon-print totes, quilted chain bags, metallic shoulder bags and cylindrical top handles. Materials: smooth leather, moon-print coated canvas, quilted leather, metallic leather and silver hardware. Palette: black, red, tan, silver and cobalt blue.",Medium vibe. Bags with the moon buckle and moon print missing. regenerated,"futuristic, crescent-moon, polished, graphic, upcycled-luxe","crescent hobos, moon-print totes, quilted chain bags, metallic shoulder bags and cylindrical top handles","smooth leather, moon-print coated canvas, quilted leather, metallic leather and silver hardware","black, red, tan, silver and cobalt blue",0.293982,0.277777,-0.016205,0.096273,0.587422,"Aesthetic: futuristic, upcycled, crescent-moon, sensual, sci-fi. Silhouettes: backpacks, belt bags, crossbody pouches, totes. Materials: nylon, recycled polyester, canvas, webbing. Palette: black, grey, navy, bright technical accents.",0.261964,True,0.032018
ER-046,Herschel,clothes,ios/BrandMoodboardFinder/BrandMoodboardFinder/BrandMoodboards/v2__clothes__herschel.jpg,False,"Aesthetic: heritage, casual, functional, outdoorsy, clean. Silhouettes: backpacks, duffels, caps, utility outerwear. Materials: canvas, nylon, polyester, fleece. Palette: navy, black, khaki, red, colour-block.","Do limited apparel, worth removing and keeping as bags accessories only keep_and_regenerate","heritage, casual, functional, outdoorsy, clean","backpacks, duffels, caps, utility outerwear","canvas, nylon, polyester, fleece","navy, black, khaki, red, colour-block",0.294421,0.235512,-0.058909,0.099379,0.585404,"Aesthetic: heritage, casual, functional, outdoorsy, clean. Silhouettes: backpacks, duffels, caps, utility outerwear. Materials: canvas, nylon, polyester, fleece. Palette: navy, black, khaki, red, colour-block.",0.294421,False,0.000000
ER-102,Olivia Von Halle,clothes,ios/BrandMoodboardFinder/BrandMoodboardFinder/BrandMoodboards/v2__clothes__olivia_von_halle.jpg,False,"Aesthetic: refined-loungewear, refined, sensual, soft, opulent. Silhouettes: silk pyjamas, robes, easy loungewear. Materials: silk, cashmere. Palette: jewel tones, ivory, black, print.","Close vibe, but swap the interior - either for bedroom or vacation. 2 pairs of repeated images regenerated","refined-loungewear, refined, sensual, soft, opulent","silk pyjamas, robes, easy loungewear","silk, cashmere","jewel tones, ivory, black, print",0.295375,0.209639,-0.085736,0.102484,0.583385,"Aesthetic: refined-loungewear, refined, sensual, soft, opulent. Silhouettes: silk pyjamas, robes, easy loungewear. Materials: silk, cashmere. Palette: jewel tones, ivory, black, print.",0.295375,False,-0.000000
ER-050,House Of Sunny,clothes,ios/BrandMoodboardFinder/BrandMoodboardFinder/BrandMoodboards/v2__clothes__house_of_sunny.jpg,False,"Aesthetic: playful, retro-futurist, colourful, youthful, knit-led. Silhouettes: graphic cardigans, swirled knit dresses, cropped knits, halter dresses and flared co-ordinates. Materials: recycled knit, ribbed jersey, crochet and faux leather. Palette: sage, cobalt, lilac, chocolate, cream and vivid multicolour patterns.",medium vibe. 3 images with the same print. zip and button close up not adding anything. needs more playful knits - signature for the brand regenerated,"playful, retro-futurist, colourful, youthful, knit-led","graphic cardigans, swirled knit dresses, cropped knits, halter dresses and flared co-ordinates","recycled knit, ribbed jersey, crochet and faux leather","sage, cobalt, lilac, chocolate, cream and vivid multicolour patterns",0.296089,0.263625,-0.032464,0.105590,0.581366,"Aesthetic: contemporary, retro-futuristic, playful, sustainable, bold. Silhouettes: body-conscious knits, halter dresses, retro tailoring, swirl prints. Materials: recycled knit, jersey, faux leather. Palette: sage, brown, blue, swirl prints, cream.",0.284881,True,0.011208
ER-361,New Balance,shoes,ios/BrandMoodboardFinder/BrandMoodboardFinder/BrandMoodboards/v2__shoes__new_balance.jpg,False,"Aesthetic: technical running, heritage sport, understated, performance, lifestyle. Silhouettes: grey heritage runners, silver mesh sneakers, sculptural lifestyle trainers, retro court shoes, racing shoes and trail shoes. Materials: suede, technical mesh, synthetic overlays, rubber and reflective details. Palette: grey, silver, cream, navy, cobalt and bright racing accents.","Add a separate shoe moodboard because footwear is a core, visually distinct part of this brand's current assortment. catalog_added_and_generated","technical running, heritage sport, understated, performance, lifestyle","grey heritage runners, silver mesh sneakers, sculptural lifestyle trainers, retro court shoes, racing shoes and trail shoes","suede, technical mesh, synthetic overlays, rubber and reflective details","grey, silver, cream, navy, cobalt and bright racing accents",0.296967,0.285362,-0.011605,0.108696,0.579348,"Aesthetic: New Balance footwear balances grey heritage running, technical silver runners, sculptural lifestyle sneakers, retro court shoes, colourful racing shoes and rugged trail shoes. Silhouettes: New Balance footwear balances grey heritage running, technical silver runners, sculptural lifestyle sneakers, retro court shoes, colourful racing shoes and rugged trail shoes. Materials: leather, suede, canvas, mesh, rubber and technical textiles. Palette: brand-signature neutrals and seasonal colour accents.",0.299030,True,-0.002063
ER-255,Gabriela Hearst,bags,ios/BrandMoodboardFinder/BrandMoodboardFinder/BrandMoodboards/v2__bags__gabriela_hearst.jpg,False,"Aesthetic: restrained refinement, considered, sustainable, tactile, sculptural. Silhouettes: structured shoulder bags, clean totes, crossbody bags, pouches. Materials: smooth leather, suede, canvas, minimal hardware. Palette: black, cream, taupe, chocolate.",Medium vibe. beige tote wrong? some more fun shapes while being overall classic. regenerated,"restrained refinement, considered, sustainable, tactile, sculptural","structured shoulder bags, clean totes, crossbody bags, pouches","smooth leather, suede, canvas, minimal hardware","black, cream, taupe, chocolate",0.297386,0.294589,-0.002798,0.111801,0.577329,"Aesthetic: restrained refinement, considered, sustainable, tactile, sculptural. Silhouettes: structured shoulder bags, clean totes, crossbody bags, pouches. Materials: smooth leather, suede, canvas, minimal hardware. Palette: black, cream, taupe, chocolate.",0.297386,False,0.000000
ER-308,Loro Piana,clothes,ios/BrandMoodboardFinder/BrandMoodboardFinder/BrandMoodboards/v2__clothes__loro_piana.jpg,False,"Aesthetic: Loro Piana clothing expressing tactile Italian quiet luxury through precious fibres and relaxed layers. Silhouettes: fully clothed adult looks: navy Cashmere Storm System coat, camel cashmere crewneck with tailored trousers, elongated wool-cashmere car coat, CashDenim jeans with soft knit, calfskin Maremma bomber and an understated Sopra Visso wool cardigan look. Materials: cotton, wool, denim, leather, knit and technical seasonal fabrics. Palette: navy, camel, oatmeal, umbrella-pine green and cream in soft natural light.",Add this brand and create a category-appropriate moodboard. catalog_added_and_generated,Loro Piana clothing expressing tactile Italian quiet luxury through precious fibres and relaxed layers,"fully clothed adult looks: navy Cashmere Storm System coat, camel cashmere crewneck with tailored trousers, elongated wool-cashmere car coat, CashDenim jeans with soft knit, calfskin Maremma bomber and an understated Sopra Visso wool cardigan look","cotton, wool, denim, leather, knit and technical seasonal fabrics","navy, camel, oatmeal, umbrella-pine green and cream in soft natural light",0.298679,0.235649,-0.063029,0.114907,0.575311,"Aesthetic: Loro Piana clothing expressing tactile Italian quiet luxury through precious fibres and relaxed layers. Silhouettes: fully clothed adult looks: navy Cashmere Storm System coat, camel cashmere crewneck with tailored trousers, elongated wool-cashmere car coat, CashDenim jeans with soft knit, calfskin Maremma bomber and an understated Sopra Visso wool cardigan look. Materials: cotton, wool, denim, leather, knit and technical seasonal fabrics. Palette: navy, camel, oatmeal, umbrella-pine green and cream in soft natural light.",0.298679,False,-0.000000
ER-213,Tabayer,jewellery,ios/BrandMoodboardFinder/BrandMoodboardFinder/BrandMoodboards/v2__jewellery__tabayer.jpg,False,"Aesthetic: sculptural, organic, talismanic, modern, refined. Silhouettes: oera motifs, sculptural cuffs, organic rings. Materials: 18k fairmined gold, gemstones. Palette: gold, sculptural, gemstone.","close vibe, repeated image regenerated","sculptural, organic, talismanic, modern, refined","oera motifs, sculptural cuffs, organic rings","18k fairmined gold, gemstones","gold, sculptural, gemstone",0.299083,0.210037,-0.089046,0.118012,0.573292,"Aesthetic: sculptural, organic, talismanic, modern, refined. Silhouettes: oera motifs, sculptural cuffs, organic rings. Materials: 18k fairmined gold, gemstones. Palette: gold, sculptural, gemstone.",0.299083,False,0.000000
ER-139,Supreme,clothes,ios/BrandMoodboardFinder/BrandMoodboardFinder/BrandMoodboards/v2__clothes__supreme.jpg,False,"Aesthetic: streetwear, skate, bold, graphic, hype. Silhouettes: box-logo tees, hoodies, coach jackets, cargo pants. Materials: cotton fleece, nylon, denim, twill. Palette: red, black, white, graphic brights.","repeated image 3 times. close vibe, but can add the iconic red + white logo regenerated","streetwear, skate, bold, graphic, hype","box-logo tees, hoodies, coach jackets, cargo pants","cotton fleece, nylon, denim, twill","red, black, white, graphic brights",0.299085,0.243184,-0.055901,0.121118,0.571273,"Aesthetic: streetwear, skate, bold, graphic, hype. Silhouettes: box-logo tees, hoodies, coach jackets, cargo pants. Materials: cotton fleece, nylon, denim, twill. Palette: red, black, white, graphic brights.",0.299085,False,-0.000000
ER-353,Vivienne Westwood,jewellery,ios/BrandMoodboardFinder/BrandMoodboardFinder/BrandMoodboards/v2__jewellery__vivienne_westwood.jpg,False,"Aesthetic: Vivienne Westwood jewellery with exactly one different hero piece per panel: silver crystal New Petite Orb pendant, gold Mini Bas Relief orb earrings, pearl Mini Bas Relief choker, red crystal Diamante Heart ring, gunmetal punk padlock-and-chain bracelet with one small orb plaque and a sculptural silver Octavie ear cuff. Silhouettes: Vivienne Westwood jewellery with exactly one different hero piece per panel: silver crystal New Petite Orb pendant, gold Mini Bas Relief orb earrings, pearl Mini Bas Relief choker, red crystal Diamante Heart ring, gunmetal punk padlock-and-chain bracelet with one small orb plaque and a sculptural silver Octavie ear cuff. Materials: gold, silver, enamel, pearls, crystals and gemstones. Palette: brand-signature neutrals and seasonal colour accents.",Add this brand and create a category-appropriate moodboard. catalog_added_and_generated,"Vivienne Westwood jewellery with exactly one different hero piece per panel: silver crystal New Petite Orb pendant, gold Mini Bas Relief orb earrings, pearl Mini Bas Relief choker, red crystal Diamante Heart ring, gunmetal punk padlock-and-chain bracelet with one small orb plaque and a sculptural silver Octavie ear cuff","Vivienne Westwood jewellery with exactly one different hero piece per panel: silver crystal New Petite Orb pendant, gold Mini Bas Relief orb earrings, pearl Mini Bas Relief choker, red crystal Diamante Heart ring, gunmetal punk padlock-and-chain bracelet with one small orb plaque and a sculptural silver Octavie ear cuff","gold, silver, enamel, pearls, crystals and gemstones",brand-signature neutrals and seasonal colour accents,0.299242,0.258145,-0.041097,0.124224,0.569255,"Aesthetic: Vivienne Westwood jewellery with exactly one different hero piece per panel: silver crystal New Petite Orb pendant, gold Mini Bas Relief orb earrings, pearl Mini Bas Relief choker, red crystal Diamante Heart ring, gunmetal punk padlock-and-chain bracelet with one small orb plaque and a sculptural silver Octavie ear cuff. Silhouettes: Vivienne Westwood jewellery with exactly one different hero piece per panel: silver crystal New Petite Orb pendant, gold Mini Bas Relief orb earrings, pearl Mini Bas Relief choker, red crystal Diamante Heart ring, gunmetal punk padlock-and-chain bracelet with one small orb plaque and a sculptural silver Octavie ear cuff. Materials: gold, silver, enamel, pearls, crystals and gemstones. Palette: brand-signature neutrals and seasonal colour accents.",0.299242,False,-0.000000
ER-198,Jil Sander,shoes,ios/BrandMoodboardFinder/BrandMoodboardFinder/BrandMoodboards/v2__shoes__jil_sander.jpg,False,"Aesthetic: minimal, architectural, quiet, precise, practical. Silhouettes: loafers, ballet flats, ankle boots, clean sandals. Materials: leather, suede, rubber, canvas. Palette: black, cream, taupe, brown.",Medium vibe more minimal but a bit avant garde regenerated,"minimal, architectural, quiet, precise, practical","loafers, ballet flats, ankle boots, clean sandals","leather, suede, rubber, canvas","black, cream, taupe, brown",0.299831,0.216643,-0.083188,0.130435,0.565217,"Aesthetic: minimal, architectural, quiet, precise, practical. Silhouettes: loafers, ballet flats, ankle boots, clean sandals. Materials: leather, suede, rubber, canvas. Palette: black, cream, taupe, brown.",0.299831,False,-0.000000
ER-251,DKNY,bags,ios/BrandMoodboardFinder/BrandMoodboardFinder/BrandMoodboards/v2__bags__dkny.jpg,False,"Aesthetic: urban, sporty, sleek, detail-oriented, crafted. Silhouettes: backpacks, belt bags, crossbody pouches, totes. Materials: nylon, recycled polyester, canvas, webbing. Palette: black, grey, navy, bright technical accents.",L ogo bags can be added. right now too male-centric with backpacks regenerated,"urban, sporty, sleek, detail-oriented, crafted","backpacks, belt bags, crossbody pouches, totes","nylon, recycled polyester, canvas, webbing","black, grey, navy, bright technical accents",0.299964,0.264672,-0.035292,0.133540,0.563199,"Aesthetic: urban, sporty, sleek, detail-oriented, crafted. Silhouettes: backpacks, belt bags, crossbody pouches, totes. Materials: nylon, recycled polyester, canvas, webbing. Palette: black, grey, navy, bright technical accents.",0.299964,False,-0.000000
ER-303,Jaded London,clothes,ios/BrandMoodboardFinder/BrandMoodboardFinder/BrandMoodboards/v2__clothes__jaded_london.jpg,False,"Aesthetic: Jaded London clothing with reworked Y2K streetwear and directional club energy. Silhouettes: fully clothed adult looks: mirror-detailed loose jeans, nylon balloon parachute pants, washed-satin bootcut cargos, cargo corset layered over an opaque top, ruched mesh midi skirt with covered top and a faux-fur knit cardigan look. Materials: cotton, wool, denim, leather, knit and technical seasonal fabrics. Palette: black, khaki, ecru, metallic silver, washed blue and one acid accent.",Add this brand and create a category-appropriate moodboard. catalog_added_and_generated,Jaded London clothing with reworked Y2K streetwear and directional club energy,"fully clothed adult looks: mirror-detailed loose jeans, nylon balloon parachute pants, washed-satin bootcut cargos, cargo corset layered over an opaque top, ruched mesh midi skirt with covered top and a faux-fur knit cardigan look","cotton, wool, denim, leather, knit and technical seasonal fabrics","black, khaki, ecru, metallic silver, washed blue and one acid accent",0.300027,0.230930,-0.069097,0.136646,0.561180,"Aesthetic: Jaded London clothing with reworked Y2K streetwear and directional club energy. Silhouettes: fully clothed adult looks: mirror-detailed loose jeans, nylon balloon parachute pants, washed-satin bootcut cargos, cargo corset layered over an opaque top, ruched mesh midi skirt with covered top and a faux-fur knit cardigan look. Materials: cotton, wool, denim, leather, knit and technical seasonal fabrics. Palette: black, khaki, ecru, metallic silver, washed blue and one acid accent.",0.300027,False,0.000000
ER-119,ROTATE Birger Christensen,clothes,ios/BrandMoodboardFinder/BrandMoodboardFinder/BrandMoodboards/v2__clothes__rotate_birger_christensen.jpg,False,"Aesthetic: Copenhagen cool, sexy, sharp, playful, fashion-forward. Silhouettes: oversized jackets with short shorts, rounded-sleeve tops, sleek dresses, wide trousers and modern separates. Materials: tailored wool, satin, leather, jersey and restrained sequins. Palette: black, chocolate, burgundy, silver and selective bright accents.","Medium vibe. 2 pairs of repeated images. vibe is more sexy e.g. short shorts with an oversized jacket, or rounded sleeves regenerated","Copenhagen cool, sexy, sharp, playful, fashion-forward","oversized jackets with short shorts, rounded-sleeve tops, sleek dresses, wide trousers and modern separates","tailored wool, satin, leather, jersey and restrained sequins","black, chocolate, burgundy, silver and selective bright accents",0.300121,0.284980,-0.015140,0.139752,0.559161,"Aesthetic: party, glam, bold, sustainable. Silhouettes: sequin dresses, puff sleeves, statement cuts. Materials: sequin, recycled fabrics, jacquard. Palette: brights, black, pastel, print.",0.268838,True,0.031283
ER-061,Laagam,clothes,ios/BrandMoodboardFinder/BrandMoodboardFinder/BrandMoodboards/v2__clothes__laagam.jpg,False,"Aesthetic: warm-toned, trend-led, feminine, party-ready, modern. Silhouettes: mini dresses, cut-out tops, tailoring, going-out sets. Materials: satin, jersey, faux leather, denim. Palette: black, red, ivory, metallic, bold prints.",Off vibe. repeated image. all images on the collage are old-fashioned. regenerated,"warm-toned, trend-led, feminine, party-ready, modern","mini dresses, cut-out tops, tailoring, going-out sets","satin, jersey, faux leather, denim","black, red, ivory, metallic, bold prints",0.300227,0.207522,-0.092705,0.142857,0.557143,"Aesthetic: warm-toned, trend-led, feminine, party-ready, modern. Silhouettes: mini dresses, cut-out tops, tailoring, going-out sets. Materials: satin, jersey, faux leather, denim. Palette: black, red, ivory, metallic, bold prints.",0.300227,False,0.000000
ER-256,Ganni,bags,ios/BrandMoodboardFinder/BrandMoodboardFinder/BrandMoodboards/v2__bags__ganni.jpg,False,"Aesthetic: playful, minimal, casual, trend-led, responsible. Silhouettes: recycled nylon crossbodies, shoulder bags, totes, mini bags. Materials: recycled nylon, leather, canvas, metal hardware. Palette: black, leopard, green, pink, silver.",Off vibe. more cool girl and fun. colours. keep leopard for one. regenerated,"playful, minimal, casual, trend-led, responsible","recycled nylon crossbodies, shoulder bags, totes, mini bags","recycled nylon, leather, canvas, metal hardware","black, leopard, green, pink, silver",0.300679,0.245515,-0.055164,0.145963,0.555124,"Aesthetic: playful, minimal, casual, trend-led, responsible. Silhouettes: recycled nylon crossbodies, shoulder bags, totes, mini bags. Materials: recycled nylon, leather, canvas, metal hardware. Palette: black, leopard, green, pink, silver.",0.300679,False,0.000000
ER-180,Comme des Garçons,shoes,ios/BrandMoodboardFinder/BrandMoodboardFinder/BrandMoodboards/v2__shoes__comme_des_garcons.jpg,False,"Aesthetic: conceptual, deconstructed, graphic, offbeat, experimental. Silhouettes: collab sneakers, rounded derbies, sculptural flats, chunky soles. Materials: leather, canvas, rubber, technical mesh. Palette: black, white, red, graphic contrast.","Close vibe, but worth splitting into DG play with the heart converse. and the avantgarde C DG C regenerated","conceptual, deconstructed, graphic, offbeat, experimental","collab sneakers, rounded derbies, sculptural flats, chunky soles","leather, canvas, rubber, technical mesh","black, white, red, graphic contrast",0.300774,0.239920,-0.060854,0.149068,0.553106,"Aesthetic: conceptual, deconstructed, graphic, offbeat, experimental. Silhouettes: collab sneakers, rounded derbies, sculptural flats, chunky soles. Materials: leather, canvas, rubber, technical mesh. Palette: black, white, red, graphic contrast.",0.300774,False,0.000000
ER-323,Neighbourhood,clothes,ios/BrandMoodboardFinder/BrandMoodboardFinder/BrandMoodboards/v2__clothes__neighbourhood.jpg,False,"Aesthetic: NEIGHBORHOOD clothing rooted in Tokyo motorcycle, military and workwear culture. Silhouettes: fully clothed adult looks or garments: embroidered souvenir jacket, Savage-wash Type-1 denim jacket, coated M-43 field jacket, washed duck work jacket, wide utility cargo trousers with a plain tee and a reflective technical shell look. Materials: cotton, wool, denim, leather, knit and technical seasonal fabrics. Palette: black, indigo, olive, charcoal, tobacco and one silver accent with heavy-duty texture.",The moodboard may not be fully on-vibe; correct it using current Google and official imagery. catalog_added_and_generated,"NEIGHBORHOOD clothing rooted in Tokyo motorcycle, military and workwear culture","fully clothed adult looks or garments: embroidered souvenir jacket, Savage-wash Type-1 denim jacket, coated M-43 field jacket, washed duck work jacket, wide utility cargo trousers with a plain tee and a reflective technical shell look","cotton, wool, denim, leather, knit and technical seasonal fabrics","black, indigo, olive, charcoal, tobacco and one silver accent with heavy-duty texture",0.301216,0.223437,-0.077779,0.152174,0.551087,"Aesthetic: NEIGHBORHOOD clothing rooted in Tokyo motorcycle, military and workwear culture. Silhouettes: fully clothed adult looks or garments: embroidered souvenir jacket, Savage-wash Type-1 denim jacket, coated M-43 field jacket, washed duck work jacket, wide utility cargo trousers with a plain tee and a reflective technical shell look. Materials: cotton, wool, denim, leather, knit and technical seasonal fabrics. Palette: black, indigo, olive, charcoal, tobacco and one silver accent with heavy-duty texture.",0.301216,False,0.000000
ER-354,Roxanne Assoulin,jewellery,ios/BrandMoodboardFinder/BrandMoodboardFinder/BrandMoodboards/v2__jewellery__roxanne_assoulin.jpg,False,"Aesthetic: Roxanne Assoulin jewellery with exactly one different joyful hero piece per panel: rainbow enamel Affogato bracelet, multicolour Fruit Salad bracelet, oversized red Big Puffy Heart cord necklace, cobalt Crystal Granita cord necklace, striped carnelian-agate necklace and bright crystal Le Petite drop earrings. Silhouettes: Roxanne Assoulin jewellery with exactly one different joyful hero piece per panel: rainbow enamel Affogato bracelet, multicolour Fruit Salad bracelet, oversized red Big Puffy Heart cord necklace, cobalt Crystal Granita cord necklace, striped carnelian-agate necklace and bright crystal Le Petite drop earrings. Materials: gold, silver, enamel, pearls, crystals and gemstones. Palette: saturated red, blue, green, orange and pink with playful bead, enamel, stone and cord textures.",Add this brand and create a category-appropriate moodboard. catalog_added_and_generated,"Roxanne Assoulin jewellery with exactly one different joyful hero piece per panel: rainbow enamel Affogato bracelet, multicolour Fruit Salad bracelet, oversized red Big Puffy Heart cord necklace, cobalt Crystal Granita cord necklace, striped carnelian-agate necklace and bright crystal Le Petite drop earrings","Roxanne Assoulin jewellery with exactly one different joyful hero piece per panel: rainbow enamel Affogato bracelet, multicolour Fruit Salad bracelet, oversized red Big Puffy Heart cord necklace, cobalt Crystal Granita cord necklace, striped carnelian-agate necklace and bright crystal Le Petite drop earrings","gold, silver, enamel, pearls, crystals and gemstones","saturated red, blue, green, orange and pink with playful bead, enamel, stone and cord textures",0.301626,0.276101,-0.025525,0.155280,0.549068,"Aesthetic: Roxanne Assoulin jewellery with exactly one different joyful hero piece per panel: rainbow enamel Affogato bracelet, multicolour Fruit Salad bracelet, oversized red Big Puffy Heart cord necklace, cobalt Crystal Granita cord necklace, striped carnelian-agate necklace and bright crystal Le Petite drop earrings. Silhouettes: Roxanne Assoulin jewellery with exactly one different joyful hero piece per panel: rainbow enamel Affogato bracelet, multicolour Fruit Salad bracelet, oversized red Big Puffy Heart cord necklace, cobalt Crystal Granita cord necklace, striped carnelian-agate necklace and bright crystal Le Petite drop earrings. Materials: gold, silver, enamel, pearls, crystals and gemstones. Palette: saturated red, blue, green, orange and pink with playful bead, enamel, stone and cord textures.",0.301626,False,0.000000
ER-086,Miaou,clothes,ios/BrandMoodboardFinder/BrandMoodboardFinder/BrandMoodboards/v2__clothes__miaou.jpg,False,"Aesthetic: sensual, downtown, sculptural, cool, body-conscious. Silhouettes: corset tops, fitted denim, sculpted separates. Materials: denim, jersey, knit. Palette: washed denim, black, ecru, brights.",Repeated image. close vibe regenerated,"sensual, downtown, sculptural, cool, body-conscious","corset tops, fitted denim, sculpted separates","denim, jersey, knit","washed denim, black, ecru, brights",0.302200,0.210550,-0.091650,0.158385,0.547050,"Aesthetic: sensual, downtown, sculptural, cool, body-conscious. Silhouettes: corset tops, fitted denim, sculpted separates. Materials: denim, jersey, knit. Palette: washed denim, black, ecru, brights.",0.302200,False,0.000000
ER-241,Chanel,bags,ios/BrandMoodboardFinder/BrandMoodboardFinder/BrandMoodboards/v2__bags__chanel.jpg,False,"Aesthetic: tweed-led, ladylike, quilted, timeless, couture. Silhouettes: structured totes, top-handle bags, shoulder bags, crossbodies. Materials: calfskin leather, suede, canvas, brass hardware. Palette: black, tan, cognac, cream.",Needs more 2. 55 or other bags with chains. and maybe colours tweed? the brown suede is not really typical chanel. regenerated,"tweed-led, ladylike, quilted, timeless, couture","structured totes, top-handle bags, shoulder bags, crossbodies","calfskin leather, suede, canvas, brass hardware","black, tan, cognac, cream",0.302258,0.250043,-0.052215,0.161491,0.545031,"Aesthetic: tweed-led, ladylike, quilted, timeless, couture. Silhouettes: structured totes, top-handle bags, shoulder bags, crossbodies. Materials: calfskin leather, suede, canvas, brass hardware. Palette: black, tan, cognac, cream.",0.302258,False,-0.000000
ER-356,Sonia Petroff,jewellery,ios/BrandMoodboardFinder/BrandMoodboardFinder/BrandMoodboards/v2__jewellery__sonia_petroff.jpg,False,"Aesthetic: Sonia Petroff jewellery with exactly one different vintage-inspired hero piece per panel: gold Lobster Vibe necklace, colourful Parrot earrings, red Classic Eye bracelet, silver Swan crystal brooch, turquoise Cascata pinky ring and green Zinnia floral earrings. Silhouettes: Sonia Petroff jewellery with exactly one different vintage-inspired hero piece per panel: gold Lobster Vibe necklace, colourful Parrot earrings, red Classic Eye bracelet, silver Swan crystal brooch, turquoise Cascata pinky ring and green Zinnia floral earrings. Materials: gold, silver, enamel, pearls, crystals and gemstones. Palette: bold 1960s-70s nature motifs, 24k-gold overlay, silver palladium, cabochon colour and crystal sparkle.",Add this brand and create a category-appropriate moodboard. catalog_added_and_generated,"Sonia Petroff jewellery with exactly one different vintage-inspired hero piece per panel: gold Lobster Vibe necklace, colourful Parrot earrings, red Classic Eye bracelet, silver Swan crystal brooch, turquoise Cascata pinky ring and green Zinnia floral earrings","Sonia Petroff jewellery with exactly one different vintage-inspired hero piece per panel: gold Lobster Vibe necklace, colourful Parrot earrings, red Classic Eye bracelet, silver Swan crystal brooch, turquoise Cascata pinky ring and green Zinnia floral earrings","gold, silver, enamel, pearls, crystals and gemstones","bold 1960s-70s nature motifs, 24k-gold overlay, silver palladium, cabochon colour and crystal sparkle",0.302489,0.252410,-0.050079,0.164596,0.543012,"Aesthetic: Sonia Petroff jewellery with exactly one different vintage-inspired hero piece per panel: gold Lobster Vibe necklace, colourful Parrot earrings, red Classic Eye bracelet, silver Swan crystal brooch, turquoise Cascata pinky ring and green Zinnia floral earrings. Silhouettes: Sonia Petroff jewellery with exactly one different vintage-inspired hero piece per panel: gold Lobster Vibe necklace, colourful Parrot earrings, red Classic Eye bracelet, silver Swan crystal brooch, turquoise Cascata pinky ring and green Zinnia floral earrings. Materials: gold, silver, enamel, pearls, crystals and gemstones. Palette: bold 1960s-70s nature motifs, 24k-gold overlay, silver palladium, cabochon colour and crystal sparkle.",0.302489,False,0.000000
ER-315,McQueen,clothes,ios/BrandMoodboardFinder/BrandMoodboardFinder/BrandMoodboards/v2__clothes__mcqueen.jpg,False,"Aesthetic: sculptural, romantic, sharp, dramatic, modern. Silhouettes: precise tailoring, draped dresses, corseted shapes, statement knitwear and engineered outerwear. Materials: wool, leather, silk, lace, denim and polished metal details. Palette: black, ivory, oxblood, cobalt, silver and vivid seasonal colour.",The moodboard feels off-vibe; represent the current sculptural range beyond only black gothic tailoring. catalog_added_and_generated,"sculptural, romantic, sharp, dramatic, modern","precise tailoring, draped dresses, corseted shapes, statement knitwear and engineered outerwear","wool, leather, silk, lace, denim and polished metal details","black, ivory, oxblood, cobalt, silver and vivid seasonal colour",0.302685,0.256834,-0.045851,0.167702,0.540994,"Aesthetic: McQueen clothing focused on razor-sharp tailoring and sculptural romance. Silhouettes: fully clothed adult looks: folded-lapel navy jacket with pencil skirt, black corset midi dress, grey flecked-pinstripe suit, metallic-tweed high-low coat, black floral-embroidery evening dress and an ivory shoulder-bow blouse with tailored trousers. Materials: cotton, wool, denim, leather, knit and technical seasonal fabrics. Palette: black, navy, ivory, silver, blood red and one floral accent with dramatic atelier light.",0.275697,True,0.026988
ER-247,Cult Gaia,bags,ios/BrandMoodboardFinder/BrandMoodboardFinder/BrandMoodboards/v2__bags__cult_gaia.jpg,False,"Aesthetic: sculptural, resort, surreal, statement, architectural. Silhouettes: bamboo ark bags, marbled acrylic clutches, pearl sphere bags, shell clutches, curved hobos and crystal pouches. Materials: bamboo, marbled acrylic, pearlescent resin, gold-tone metal and crystals. Palette: natural bamboo, emerald, pearl, gold, ivory and crystal.","Medium vibe. cult bags not there. too straw and beige, when it’s often plastic, or black straw, and weird shaped. regenerated","sculptural, resort, surreal, statement, architectural","bamboo ark bags, marbled acrylic clutches, pearl sphere bags, shell clutches, curved hobos and crystal pouches","bamboo, marbled acrylic, pearlescent resin, gold-tone metal and crystals","natural bamboo, emerald, pearl, gold, ivory and crystal",0.302906,0.238133,-0.064773,0.170807,0.538975,"Aesthetic: sculptural, sensual, resort, statement, detail-oriented. Silhouettes: woven totes, bucket bags, raffia clutches, soft shoulder bags. Materials: raffia, straw, leather, cotton canvas, beads. Palette: natural straw, tan, cream, terracotta, black.",0.230624,True,0.072282
ER-142,The Couture Club,clothes,ios/BrandMoodboardFinder/BrandMoodboardFinder/BrandMoodboards/v2__clothes__the_couture_club.jpg,False,"Aesthetic: trend-led, street-glam, bold, party, youthful. Silhouettes: fitted separates, going-out pieces, logo tailoring. Materials: jersey, crepe, technical knit. Palette: black, neutral, brights.","repeated image. medium vibe - less structured sexy stuff, more signature print jumpers and elegant daywear regenerated","trend-led, street-glam, bold, party, youthful","fitted separates, going-out pieces, logo tailoring","jersey, crepe, technical knit","black, neutral, brights",0.303460,0.263732,-0.039728,0.173913,0.536957,"Aesthetic: trend-led, street-glam, bold, party, youthful. Silhouettes: fitted separates, going-out pieces, logo tailoring. Materials: jersey, crepe, technical knit. Palette: black, neutral, brights.",0.303460,False,0.000000
ER-331,Polo Ralph Lauren,clothes,ios/BrandMoodboardFinder/BrandMoodboardFinder/BrandMoodboards/v2__clothes__polo_ralph_lauren.jpg,False,"Aesthetic: Polo Ralph Lauren clothing celebrating polished American prep. Silhouettes: fully clothed adult looks: blue Oxford shirt with chinos, cream cable-knit sweater with tailored trousers, navy club blazer look, rugby-striped shirt with denim, suede field jacket with corduroy trousers and a heritage tartan wool coat. Materials: cotton, wool, denim, leather, knit and technical seasonal fabrics. Palette: navy, cream, camel, forest green, oxblood and Yale blue.",Add this brand and create a category-appropriate moodboard. catalog_added_and_generated,Polo Ralph Lauren clothing celebrating polished American prep,"fully clothed adult looks: blue Oxford shirt with chinos, cream cable-knit sweater with tailored trousers, navy club blazer look, rugby-striped shirt with denim, suede field jacket with corduroy trousers and a heritage tartan wool coat","cotton, wool, denim, leather, knit and technical seasonal fabrics","navy, cream, camel, forest green, oxblood and Yale blue",0.303544,0.226680,-0.076863,0.177019,0.534938,"Aesthetic: Polo Ralph Lauren clothing celebrating polished American prep. Silhouettes: fully clothed adult looks: blue Oxford shirt with chinos, cream cable-knit sweater with tailored trousers, navy club blazer look, rugby-striped shirt with denim, suede field jacket with corduroy trousers and a heritage tartan wool coat. Materials: cotton, wool, denim, leather, knit and technical seasonal fabrics. Palette: navy, cream, camel, forest green, oxblood and Yale blue.",0.303544,False,-0.000000
ER-233,AMI Paris,bags,ios/BrandMoodboardFinder/BrandMoodboardFinder/BrandMoodboards/v2__bags__ami_paris.jpg,False,"Aesthetic: Parisian, casual-refined, playful, logo-aware, polished. Silhouettes: structured totes, top-handle bags, shoulder bags, crossbodies. Materials: calfskin leather, suede, canvas, brass hardware. Palette: black, tan, cognac, cream.",Off vibe. Are they actually Ami? needs to be at least one with the heart-shaped clasp regenerated,"Parisian, casual-refined, playful, logo-aware, polished","structured totes, top-handle bags, shoulder bags, crossbodies","calfskin leather, suede, canvas, brass hardware","black, tan, cognac, cream",0.303615,0.205698,-0.097918,0.180124,0.532919,"Aesthetic: Parisian, casual-refined, playful, logo-aware, polished. Silhouettes: structured totes, top-handle bags, shoulder bags, crossbodies. Materials: calfskin leather, suede, canvas, brass hardware. Palette: black, tan, cognac, cream.",0.303615,False,0.000000
ER-334,Pull & Bear,clothes,ios/BrandMoodboardFinder/BrandMoodboardFinder/BrandMoodboards/v2__clothes__pull_and_bear.jpg,False,"Aesthetic: Pull & Bear clothing expressing current relaxed European high-street style. Silhouettes: fully clothed adult looks: baggy dark-wash jeans with fitted knit, chocolate faux-leather bomber, preppy pleated midi skirt with shirt and cardigan, wide tailored trousers with relaxed knit, oversized washed-denim jacket and a burgundy sweatshirt with loose joggers. Materials: cotton, wool, denim, leather, knit and technical seasonal fabrics. Palette: dark denim, chocolate, burgundy, cream, charcoal and forest green.",Add this brand and create a category-appropriate moodboard. catalog_added_and_generated,Pull & Bear clothing expressing current relaxed European high-street style,"fully clothed adult looks: baggy dark-wash jeans with fitted knit, chocolate faux-leather bomber, preppy pleated midi skirt with shirt and cardigan, wide tailored trousers with relaxed knit, oversized washed-denim jacket and a burgundy sweatshirt with loose joggers","cotton, wool, denim, leather, knit and technical seasonal fabrics","dark denim, chocolate, burgundy, cream, charcoal and forest green",0.303676,0.250919,-0.052757,0.183230,0.530901,"Aesthetic: Pull & Bear clothing expressing current relaxed European high-street style. Silhouettes: fully clothed adult looks: baggy dark-wash jeans with fitted knit, chocolate faux-leather bomber, preppy pleated midi skirt with shirt and cardigan, wide tailored trousers with relaxed knit, oversized washed-denim jacket and a burgundy sweatshirt with loose joggers. Materials: cotton, wool, denim, leather, knit and technical seasonal fabrics. Palette: dark denim, chocolate, burgundy, cream, charcoal and forest green.",0.303676,False,0.000000
ER-263,JW Pei,bags,ios/BrandMoodboardFinder/BrandMoodboardFinder/BrandMoodboards/v2__bags__jw_pei.jpg,False,"Aesthetic: modern, sculptural, colourful, accessible, playful. Silhouettes: curved shoulder bags, top-handle minis, geometric totes, woven pouches and bowling bags. Materials: vegan leather, recycled plastic, woven synthetic material and silver hardware. Palette: orange, cobalt, lime, silver, black and cream.",2 pairs of the same images. S ome popular shapes can be added. regenerated,"modern, sculptural, colourful, accessible, playful","curved shoulder bags, top-handle minis, geometric totes, woven pouches and bowling bags","vegan leather, recycled plastic, woven synthetic material and silver hardware","orange, cobalt, lime, silver, black and cream",0.304403,0.202599,-0.101804,0.186335,0.528882,"Aesthetic: contemporary, sleek, approachable, vegan, statement. Silhouettes: sculpted shoulder bags, structured totes, mini bags. Materials: vegan leather, recycled materials. Palette: black, tan, brights, neutral.",0.239261,True,0.065142
ER-203,Sandy Liang,jewellery,ios/BrandMoodboardFinder/BrandMoodboardFinder/BrandMoodboards/v2__jewellery__sandy_liang.jpg,False,"Aesthetic: nostalgic, coquettish, playful, downtown, bow-led. Silhouettes: charm necklaces, drop earrings, stacking rings, small hoops. Materials: gold-tone metal, silver-tone metal, pearls, enamel. Palette: gold, silver, pearl, blush, pastel accents.","close vibe, repeated image. regenerated","nostalgic, coquettish, playful, downtown, bow-led","charm necklaces, drop earrings, stacking rings, small hoops","gold-tone metal, silver-tone metal, pearls, enamel","gold, silver, pearl, blush, pastel accents",0.304502,0.204704,-0.099798,0.189441,0.526863,"Aesthetic: nostalgic, coquettish, playful, downtown, bow-led. Silhouettes: charm necklaces, drop earrings, stacking rings, small hoops. Materials: gold-tone metal, silver-tone metal, pearls, enamel. Palette: gold, silver, pearl, blush, pastel accents.",0.304502,False,0.000000
ER-350,Carvela,shoes,ios/BrandMoodboardFinder/BrandMoodboardFinder/BrandMoodboards/v2__shoes__carvela.jpg,False,"Aesthetic: product-only Carvela footwear with one complete single hero shoe per panel: white leather Connected Zip trainer, chocolate suede Click loafer, red Positano lace slingback heel, silver Silvia mule heel, black leather Ignite Chelsea boot and tan suede Spirit slouch knee boot. Silhouettes: product-only Carvela footwear with one complete single hero shoe per panel: white leather Connected Zip trainer, chocolate suede Click loafer, red Positano lace slingback heel, silver Silvia mule heel, black leather Ignite Chelsea boot and tan suede Spirit slouch knee boot. Materials: leather, suede, canvas, mesh, rubber and technical textiles. Palette: brand-signature neutrals and seasonal colour accents.",Add this brand and create a category-appropriate moodboard. catalog_added_and_generated,"product-only Carvela footwear with one complete single hero shoe per panel: white leather Connected Zip trainer, chocolate suede Click loafer, red Positano lace slingback heel, silver Silvia mule heel, black leather Ignite Chelsea boot and tan suede Spirit slouch knee boot","product-only Carvela footwear with one complete single hero shoe per panel: white leather Connected Zip trainer, chocolate suede Click loafer, red Positano lace slingback heel, silver Silvia mule heel, black leather Ignite Chelsea boot and tan suede Spirit slouch knee boot","leather, suede, canvas, mesh, rubber and technical textiles",brand-signature neutrals and seasonal colour accents,0.304993,0.265545,-0.039448,0.192547,0.524845,"Aesthetic: product-only Carvela footwear with one complete single hero shoe per panel: white leather Connected Zip trainer, chocolate suede Click loafer, red Positano lace slingback heel, silver Silvia mule heel, black leather Ignite Chelsea boot and tan suede Spirit slouch knee boot. Silhouettes: product-only Carvela footwear with one complete single hero shoe per panel: white leather Connected Zip trainer, chocolate suede Click loafer, red Positano lace slingback heel, silver Silvia mule heel, black leather Ignite Chelsea boot and tan suede Spirit slouch knee boot. Materials: leather, suede, canvas, mesh, rubber and technical textiles. Palette: brand-signature neutrals and seasonal colour accents.",0.304993,False,0.000000
ER-267,Maje,bags,ios/BrandMoodboardFinder/BrandMoodboardFinder/BrandMoodboards/v2__bags__maje.jpg,False,"Aesthetic: Parisian, feminine, bohemian, polished, tactile. Silhouettes: fringed M shoulder bags, compact crossbodies, soft hobos and structured mini bags. Materials: suede, smooth leather, woven leather, fringe and gold hardware. Palette: black, cognac, cream, burgundy and muted jewel tones.",Close vibe. but most popular shape with fringe missing regenerated,"Parisian, feminine, bohemian, polished, tactile","fringed M shoulder bags, compact crossbodies, soft hobos and structured mini bags","suede, smooth leather, woven leather, fringe and gold hardware","black, cognac, cream, burgundy and muted jewel tones",0.305166,0.225231,-0.079935,0.195652,0.522826,"Aesthetic: feminine, bohemian-chic, detail-oriented, crafted. Silhouettes: woven totes, bucket bags, raffia clutches, soft shoulder bags. Materials: raffia, straw, leather, cotton canvas, beads. Palette: natural straw, tan, cream, terracotta, black.",0.266044,True,0.039122
ER-071,Lucy & Yak,clothes,ios/BrandMoodboardFinder/BrandMoodboardFinder/BrandMoodboards/v2__clothes__lucy_and_yak.jpg,False,"Aesthetic: playful, sustainable, colourful, relaxed, fun. Silhouettes: dungarees, boiler suits, easy print separates. Materials: organic cotton, cord, twill. Palette: bold print, brights, earth tones.",2 pairs of repeated images vibe close. regenerated,"playful, sustainable, colourful, relaxed, fun","dungarees, boiler suits, easy print separates","organic cotton, cord, twill","bold print, brights, earth tones",0.305367,0.204684,-0.100683,0.198758,0.520807,"Aesthetic: playful, sustainable, colourful, relaxed, fun. Silhouettes: dungarees, boiler suits, easy print separates. Materials: organic cotton, cord, twill. Palette: bold print, brights, earth tones.",0.305367,False,-0.000000
ER-328,Open YY,clothes,ios/BrandMoodboardFinder/BrandMoodboardFinder/BrandMoodboards/v2__clothes__open_yy.jpg,False,"Aesthetic: OPEN YY clothing expressing experimental Seoul casual chic. Silhouettes: fully clothed adult looks: brown unstructured out-pocket jacket, khaki belted cargo field jacket, constructed white dress shirt with asymmetric trousers, ivory open-back pointelle knit over an opaque base, deconstructed layered skirt look and a sculptural red draped dress. Materials: cotton, wool, denim, leather, knit and technical seasonal fabrics. Palette: brown, khaki, ivory, charcoal, red and powder blue with clean contemporary styling.",Add this brand and create a category-appropriate moodboard. catalog_added_and_generated,OPEN YY clothing expressing experimental Seoul casual chic,"fully clothed adult looks: brown unstructured out-pocket jacket, khaki belted cargo field jacket, constructed white dress shirt with asymmetric trousers, ivory open-back pointelle knit over an opaque base, deconstructed layered skirt look and a sculptural red draped dress","cotton, wool, denim, leather, knit and technical seasonal fabrics","brown, khaki, ivory, charcoal, red and powder blue with clean contemporary styling",0.305496,0.252692,-0.052804,0.201863,0.518789,"Aesthetic: OPEN YY clothing expressing experimental Seoul casual chic. Silhouettes: fully clothed adult looks: brown unstructured out-pocket jacket, khaki belted cargo field jacket, constructed white dress shirt with asymmetric trousers, ivory open-back pointelle knit over an opaque base, deconstructed layered skirt look and a sculptural red draped dress. Materials: cotton, wool, denim, leather, knit and technical seasonal fabrics. Palette: brown, khaki, ivory, charcoal, red and powder blue with clean contemporary styling.",0.305496,False,-0.000000
ER-228,Yumi Kim,jewellery,ios/BrandMoodboardFinder/BrandMoodboardFinder/BrandMoodboards/v2__jewellery__yumi_kim.jpg,False,"Aesthetic: feminine, print-led, romantic, flirty, ornamental. Silhouettes: charm necklaces, drop earrings, stacking rings, small hoops. Materials: gold-tone metal, silver-tone metal, pearls, enamel. Palette: gold, silver, pearl, blush, pastel accents.","close vibe, add some bigger pieces for balance regenerated","feminine, print-led, romantic, flirty, ornamental","charm necklaces, drop earrings, stacking rings, small hoops","gold-tone metal, silver-tone metal, pearls, enamel","gold, silver, pearl, blush, pastel accents",0.305651,0.212204,-0.093447,0.204969,0.516770,"Aesthetic: feminine, print-led, romantic, flirty, ornamental. Silhouettes: charm necklaces, drop earrings, stacking rings, small hoops. Materials: gold-tone metal, silver-tone metal, pearls, enamel. Palette: gold, silver, pearl, blush, pastel accents.",0.305651,False,-0.000000
ER-032,Destree,clothes,ios/BrandMoodboardFinder/BrandMoodboardFinder/BrandMoodboards/v2__clothes__destree.jpg,False,"Aesthetic: polished, architectural, graphic, artful. Silhouettes: structured hats, tailored jackets, pleated skirts, geometric bags. Materials: wool felt, cotton, leather, crepe. Palette: black, ivory, cobalt, tan.",Off vibe. also a Loewe bag in the collage. regenerated,"polished, architectural, graphic, artful","structured hats, tailored jackets, pleated skirts, geometric bags","wool felt, cotton, leather, crepe","black, ivory, cobalt, tan",0.306232,0.218607,-0.087625,0.208075,0.514752,"Aesthetic: polished, architectural, graphic, artful. Silhouettes: structured hats, tailored jackets, pleated skirts, geometric bags. Materials: wool felt, cotton, leather, crepe. Palette: black, ivory, cobalt, tan.",0.306232,False,0.000000
ER-087,Mirror Palais,clothes,ios/BrandMoodboardFinder/BrandMoodboardFinder/BrandMoodboards/v2__clothes__mirror_palais.jpg,False,"Aesthetic: romantic, nostalgic, sensual, vintage-inspired, feminine. Silhouettes: corset dresses, silk slips, swimwear, lace tops. Materials: silk, lace, cotton, lycra. Palette: ivory, black, blush, baby blue.",repeated image. medium vibe - need to add more gown adn evening wear regenerated,"romantic, nostalgic, sensual, vintage-inspired, feminine","corset dresses, silk slips, swimwear, lace tops","silk, lace, cotton, lycra","ivory, black, blush, baby blue",0.306311,0.285636,-0.020676,0.211180,0.512733,"Aesthetic: romantic, nostalgic, sensual, vintage-inspired, feminine. Silhouettes: corset dresses, silk slips, swimwear, lace tops. Materials: silk, lace, cotton, lycra. Palette: ivory, black, blush, baby blue.",0.306311,False,0.000000
ER-018,Carne Bollente,clothes,ios/BrandMoodboardFinder/BrandMoodboardFinder/BrandMoodboards/v2__clothes__carne_bollente.jpg,False,"Aesthetic: cheeky, sex-positive, graphic, playful, street-casual. Silhouettes: embroidered T-shirts, graphic sweatshirts, easy shirts, casual knits and relaxed separates. Materials: organic cotton jersey, fleece, knit and embroidery. Palette: ecru, black, red, teal, sky blue and small bright accents.","Medium vibe. the brand is less about abstract prints, and more about being cheeky and explicit regenerated","cheeky, sex-positive, graphic, playful, street-casual","embroidered T-shirts, graphic sweatshirts, easy shirts, casual knits and relaxed separates","organic cotton jersey, fleece, knit and embroidery","ecru, black, red, teal, sky blue and small bright accents",0.306568,0.261674,-0.044894,0.214286,0.510714,"Aesthetic: playful, irreverent, graphic, street, cheeky. Silhouettes: embroidered tees, graphic sweats, easy separates. Materials: organic cotton, jersey. Palette: ecru, black, brights, print.",0.271929,True,0.034639
ER-047,Hodakova,clothes,ios/BrandMoodboardFinder/BrandMoodboardFinder/BrandMoodboards/v2__clothes__hodakova.jpg,False,"Aesthetic: upcycled, conceptual, deconstructed, minimal, directional. Silhouettes: repurposed leather dresses, belt skirts, hybrid tailoring, sculptural bags. Materials: deadstock leather, wool, denim, recycled materials. Palette: black, brown, grey, metallic.",close vibe. repeated image regenerated,"upcycled, conceptual, deconstructed, minimal, directional","repurposed leather dresses, belt skirts, hybrid tailoring, sculptural bags","deadstock leather, wool, denim, recycled materials","black, brown, grey, metallic",0.306585,0.212031,-0.094554,0.217391,0.508696,"Aesthetic: upcycled, conceptual, deconstructed, minimal, directional. Silhouettes: repurposed leather dresses, belt skirts, hybrid tailoring, sculptural bags. Materials: deadstock leather, wool, denim, recycled materials. Palette: black, brown, grey, metallic.",0.306585,False,0.000000
ER-160,AMI Paris,shoes,ios/BrandMoodboardFinder/BrandMoodboardFinder/BrandMoodboards/v2__shoes__ami_paris.jpg,False,"Aesthetic: friendly, practical, tactile. Silhouettes: loafers, pumps, ankle boots, riding boots, sandals. Materials: leather, suede, rubber soles. Palette: black, brown, camel, cream.","medium vibe., the loafer with a clasp and sandals off brand. classic models have slightly different shapes in ami. regenerated","friendly, practical, tactile","loafers, pumps, ankle boots, riding boots, sandals","leather, suede, rubber soles","black, brown, camel, cream",0.306768,0.281390,-0.025379,0.220497,0.506677,"Aesthetic: friendly, practical, tactile. Silhouettes: loafers, pumps, ankle boots, riding boots, sandals. Materials: leather, suede, rubber soles. Palette: black, brown, camel, cream.",0.306768,False,0.000000
ER-127,Shrimps,clothes,ios/BrandMoodboardFinder/BrandMoodboardFinder/BrandMoodboards/v2__clothes__shrimps.jpg,False,"Aesthetic: playful, whimsical, joyful, retro, craft. Silhouettes: faux-fur coats, bead-detail pieces, print separates. Materials: faux fur, knit, cotton. Palette: pastel, brights, print, ivory.","Same pink coat repeated in 3 images. Close vibe, but middle image a bit off. regenerated","playful, whimsical, joyful, retro, craft","faux-fur coats, bead-detail pieces, print separates","faux fur, knit, cotton","pastel, brights, print, ivory",0.307386,0.222004,-0.085382,0.223602,0.504658,"Aesthetic: playful, whimsical, joyful, retro, craft. Silhouettes: faux-fur coats, bead-detail pieces, print separates. Materials: faux fur, knit, cotton. Palette: pastel, brights, print, ivory.",0.307386,False,0.000000
ER-113,Pleasures,clothes,ios/BrandMoodboardFinder/BrandMoodboardFinder/BrandMoodboards/v2__clothes__pleasures.jpg,False,"Aesthetic: streetwear, graphic, alternative, bold, youthful. Silhouettes: graphic tees, easy outerwear, relaxed separates. Materials: cotton jersey, fleece, nylon. Palette: black, ecru, brights, print.","Medium vibe. more punk vibe, music scene, street regenerated","streetwear, graphic, alternative, bold, youthful","graphic tees, easy outerwear, relaxed separates","cotton jersey, fleece, nylon","black, ecru, brights, print",0.307561,0.261662,-0.045899,0.226708,0.502640,"Aesthetic: streetwear, graphic, alternative, bold, youthful. Silhouettes: graphic tees, easy outerwear, relaxed separates. Materials: cotton jersey, fleece, nylon. Palette: black, ecru, brights, print.",0.307561,False,0.000000
ER-147,Tkees,clothes,ios/BrandMoodboardFinder/BrandMoodboardFinder/BrandMoodboards/v2__clothes__tkees.jpg,False,"Aesthetic: minimal, resort, sandal-led, barely-there, understated. Silhouettes: flip-flops, leather sandals, simple slides, swim basics. Materials: leather, suede, rubber, swim fabric. Palette: nude, black, white, metallic.","O nly joggers U pdate the collage. and casual wear, the collage is from the shoe section regenerated","minimal, resort, sandal-led, barely-there, understated","flip-flops, leather sandals, simple slides, swim basics","leather, suede, rubber, swim fabric","nude, black, white, metallic",0.307755,0.269597,-0.038158,0.229814,0.500621,"Aesthetic: minimal, resort, sandal-led, barely-there, understated. Silhouettes: flip-flops, leather sandals, simple slides, swim basics. Materials: leather, suede, rubber, swim fabric. Palette: nude, black, white, metallic.",0.307755,False,-0.000000
ER-121,Samantha Pleet,clothes,ios/BrandMoodboardFinder/BrandMoodboardFinder/BrandMoodboards/v2__clothes__samantha_pleet.jpg,False,"Aesthetic: romantic, whimsical, artful, vintage, ethereal. Silhouettes: puff-sleeve dresses, romantic separates, draped cuts. Materials: cotton, silk, lace. Palette: ivory, soft tones, jewel, print.",2 pairs of repeated images. medium vibe. regenerated,"romantic, whimsical, artful, vintage, ethereal","puff-sleeve dresses, romantic separates, draped cuts","cotton, silk, lace","ivory, soft tones, jewel, print",0.308168,0.218402,-0.089766,0.232919,0.498602,"Aesthetic: romantic, whimsical, artful, vintage, ethereal. Silhouettes: puff-sleeve dresses, romantic separates, draped cuts. Materials: cotton, silk, lace. Palette: ivory, soft tones, jewel, print.",0.308168,False,0.000000
ER-294,Desigual,clothes,ios/BrandMoodboardFinder/BrandMoodboardFinder/BrandMoodboards/v2__clothes__desigual.jpg,False,"Aesthetic: modern eclectic, artful, colourful, urban, patchworked. Silhouettes: asymmetric knit dresses, liquid tops, embroidered jackets, patchwork wide jeans, floral cardigans and printed tailoring. Materials: knit, coated jersey, embroidered wool, denim, faux fur and printed satin. Palette: black, red, cobalt, burgundy, denim blue and multicolour florals.",The moodboard feels off-vibe; make it closer to the current modern brand styling rather than an older generic bohemian direction. catalog_added_and_generated,"modern eclectic, artful, colourful, urban, patchworked","asymmetric knit dresses, liquid tops, embroidered jackets, patchwork wide jeans, floral cardigans and printed tailoring","knit, coated jersey, embroidered wool, denim, faux fur and printed satin","black, red, cobalt, burgundy, denim blue and multicolour florals",0.308383,0.289632,-0.018750,0.236025,0.496584,"Aesthetic: Desigual clothing expressing colourful Barcelona patchwork and arty urban eclecticism. Silhouettes: fully clothed adult looks or garments: scrap-denim patchwork jacket, kaleidoscopic midi dress, hybrid hoodie-trucker jacket, tapestry-knit sweater, mixed-print wide trousers and a bright asymmetrical shirt dress. Materials: cotton, wool, denim, leather, knit and technical seasonal fabrics. Palette: red, cobalt, orange, turquoise, black and mixed florals with craftcore texture.",0.268729,True,0.039654
ER-274,Miu Miu,bags,ios/BrandMoodboardFinder/BrandMoodboardFinder/BrandMoodboards/v2__bags__miu_miu.jpg,False,"Aesthetic: playful luxury, colourful, youthful, polished, tactile. Silhouettes: perforated hobos, compact top handles, matelassé shoulder bags, chain bags and gathered clutches. Materials: perforated leather, smooth leather, matelassé leather and gold hardware. Palette: red, cobalt, pink, forest green, yellow and black.","off vibe. the paisley print not on brand, the velvet, the key chain. S taple perforated leather, colour, visible logo. regenerated","playful luxury, colourful, youthful, polished, tactile","perforated hobos, compact top handles, matelassé shoulder bags, chain bags and gathered clutches","perforated leather, smooth leather, matelassé leather and gold hardware","red, cobalt, pink, forest green, yellow and black",0.308697,0.213778,-0.094919,0.239130,0.494565,"Aesthetic: girlish, subversive, vintage-prep, playful, polished. Silhouettes: mini bags, clutches, crystal pouches, evening shoulder bags. Materials: satin, crystals, beads, leather, metal hardware. Palette: black, silver, gold, jewel tones.",0.277949,True,0.030748
ER-110,Patta,clothes,ios/BrandMoodboardFinder/BrandMoodboardFinder/BrandMoodboards/v2__clothes__patta.jpg,False,"Aesthetic: streetwear, cultural, graphic, bold. Silhouettes: graphic tees, tracksuits, relaxed outerwear. Materials: cotton, fleece, nylon. Palette: black, brights, earth, print.",repeated image. close vibe regenerated,"streetwear, cultural, graphic, bold","graphic tees, tracksuits, relaxed outerwear","cotton, fleece, nylon","black, brights, earth, print",0.308850,0.208298,-0.100553,0.242236,0.492547,"Aesthetic: streetwear, cultural, graphic, bold. Silhouettes: graphic tees, tracksuits, relaxed outerwear. Materials: cotton, fleece, nylon. Palette: black, brights, earth, print.",0.308850,False,0.000000
ER-173,Chanel,shoes,ios/BrandMoodboardFinder/BrandMoodboardFinder/BrandMoodboards/v2__shoes__chanel.jpg,False,"Aesthetic: tweed-led, ladylike, quilted, timeless, couture. Silhouettes: loafers, pumps, ankle boots, riding boots, sandals. Materials: leather, suede, rubber soles. Palette: black, brown, camel, cream.","Off vibe and bad collage - all a geometric grid with repeated images. N eed signature ballet flats, tweed pumps and sling backs regenerated","tweed-led, ladylike, quilted, timeless, couture","loafers, pumps, ankle boots, riding boots, sandals","leather, suede, rubber soles","black, brown, camel, cream",0.308850,0.236803,-0.072047,0.245342,0.490528,"Aesthetic: tweed-led, ladylike, quilted, timeless, couture. Silhouettes: loafers, pumps, ankle boots, riding boots, sandals. Materials: leather, suede, rubber soles. Palette: black, brown, camel, cream.",0.308850,False,0.000000
ER-095,NILI LOTAN,clothes,ios/BrandMoodboardFinder/BrandMoodboardFinder/BrandMoodboards/v2__clothes__nili_lotan.jpg,False,"Aesthetic: refined, downtown, easy-refined, military, polished. Silhouettes: soft tailoring, slim trousers, easy shirting. Materials: silk, cotton, wool, leather. Palette: army green, ivory, navy, black.",Off vibe. 3 pairs of repeated images. More cowboy + tailoring regenerated,"refined, downtown, easy-refined, military, polished","soft tailoring, slim trousers, easy shirting","silk, cotton, wool, leather","army green, ivory, navy, black",0.308989,0.282755,-0.026234,0.248447,0.488509,"Aesthetic: refined, downtown, easy-refined, military, polished. Silhouettes: soft tailoring, slim trousers, easy shirting. Materials: silk, cotton, wool, leather. Palette: army green, ivory, navy, black.",0.308989,False,-0.000000
ER-091,Montane,clothes,ios/BrandMoodboardFinder/BrandMoodboardFinder/BrandMoodboards/v2__clothes__montane.jpg,False,"Aesthetic: outdoor, technical, lightweight, performance, rugged. Silhouettes: lightweight shells, technical layers, durable outerwear. Materials: gore-tex, pertex, fleece. Palette: black, brights, earth tones.",Close vibe. but repeated image of a zip in diff colours 4 times regenerated,"outdoor, technical, lightweight, performance, rugged","lightweight shells, technical layers, durable outerwear","gore-tex, pertex, fleece","black, brights, earth tones",0.309003,0.250198,-0.058805,0.251553,0.486491,"Aesthetic: outdoor, technical, lightweight, performance, rugged. Silhouettes: lightweight shells, technical layers, durable outerwear. Materials: gore-tex, pertex, fleece. Palette: black, brights, earth tones.",0.309003,False,0.000000
ER-207,Sofie Schnoor,jewellery,ios/BrandMoodboardFinder/BrandMoodboardFinder/BrandMoodboards/v2__jewellery__sofie_schnoor.jpg,False,"Aesthetic: playful, eclectic, feminine, bold, ornamental. Silhouettes: charm necklaces, drop earrings, stacking rings, small hoops. Materials: gold-tone metal, silver-tone metal, pearls, enamel. Palette: gold, silver, pearl, blush, pastel accents.","very limited jewelry, medium vibe regenerated","playful, eclectic, feminine, bold, ornamental","charm necklaces, drop earrings, stacking rings, small hoops","gold-tone metal, silver-tone metal, pearls, enamel","gold, silver, pearl, blush, pastel accents",0.309200,0.254555,-0.054645,0.254658,0.484472,"Aesthetic: playful, eclectic, feminine, bold, ornamental. Silhouettes: charm necklaces, drop earrings, stacking rings, small hoops. Materials: gold-tone metal, silver-tone metal, pearls, enamel. Palette: gold, silver, pearl, blush, pastel accents.",0.309200,False,0.000000
ER-291,Comme des Garcons Play,clothes,ios/BrandMoodboardFinder/BrandMoodboardFinder/BrandMoodboards/v2__clothes__comme_des_garcons_play.jpg,False,"Aesthetic: Comme des Garcons PLAY clothing focused on the approachable graphic wardrobe line. Silhouettes: garments or fully clothed adult looks: black V-neck cardigan, navy-and-white Breton striped long sleeve, grey crew-neck sweater, black varsity jacket, clean white tee and a black hoodie. Materials: cotton, wool, denim, leather, knit and technical seasonal fabrics. Palette: red, black and pink heart-with-eyes motifs sparingly and accurately as small chest details, with black, white, navy, grey and camel.",Add this brand and create a category-appropriate moodboard. catalog_added_and_generated,Comme des Garcons PLAY clothing focused on the approachable graphic wardrobe line,"garments or fully clothed adult looks: black V-neck cardigan, navy-and-white Breton striped long sleeve, grey crew-neck sweater, black varsity jacket, clean white tee and a black hoodie","cotton, wool, denim, leather, knit and technical seasonal fabrics","red, black and pink heart-with-eyes motifs sparingly and accurately as small chest details, with black, white, navy, grey and camel",0.309338,0.245071,-0.064267,0.257764,0.482453,"Aesthetic: Comme des Garcons PLAY clothing focused on the approachable graphic wardrobe line. Silhouettes: garments or fully clothed adult looks: black V-neck cardigan, navy-and-white Breton striped long sleeve, grey crew-neck sweater, black varsity jacket, clean white tee and a black hoodie. Materials: cotton, wool, denim, leather, knit and technical seasonal fabrics. Palette: red, black and pink heart-with-eyes motifs sparingly and accurately as small chest details, with black, white, navy, grey and camel.",0.309338,False,0.000000
ER-021,Chan Luu,clothes,ios/BrandMoodboardFinder/BrandMoodboardFinder/BrandMoodboards/v2__clothes__chan_luu.jpg,False,"Aesthetic: bohemian, artisanal, layered, soft, eclectic. Silhouettes: wrap layers, soft scarves, easy knits, beaded pieces. Materials: cashmere, silk, beading, cotton. Palette: dusty tones, earthy, ivory, print.","Off vibe. the brand is more eclectic +minimal contemporary, no boho and ethnic regenerated","bohemian, artisanal, layered, soft, eclectic","wrap layers, soft scarves, easy knits, beaded pieces","cashmere, silk, beading, cotton","dusty tones, earthy, ivory, print",0.309593,0.296195,-0.013398,0.260870,0.480435,"Aesthetic: bohemian, artisanal, layered, soft, eclectic. Silhouettes: wrap layers, soft scarves, easy knits, beaded pieces. Materials: cashmere, silk, beading, cotton. Palette: dusty tones, earthy, ivory, print.",0.309593,False,-0.000000
ER-023,Chopova Lowena,clothes,ios/BrandMoodboardFinder/BrandMoodboardFinder/BrandMoodboards/v2__clothes__chopova_lowena.jpg,False,"Aesthetic: eclectic, craft, folkloric, exuberant, sculptural. Silhouettes: carabiner kilts, patchwork knits, folkloric prints. Materials: recycled textiles, wool, knit. Palette: bold folkloric print, brights, mixed.","Medium vibe. top half is good, bottom 3 images completely off brand. e.g. the carpet needs to be in a different setting, contrast, not traditional ethnic vibes regenerated","eclectic, craft, folkloric, exuberant, sculptural","carabiner kilts, patchwork knits, folkloric prints","recycled textiles, wool, knit","bold folkloric print, brights, mixed",0.310124,0.223883,-0.086240,0.263975,0.478416,"Aesthetic: eclectic, craft, folkloric, exuberant, sculptural. Silhouettes: carabiner kilts, patchwork knits, folkloric prints. Materials: recycled textiles, wool, knit. Palette: bold folkloric print, brights, mixed.",0.310124,False,-0.000000
ER-257,Gimaguas,bags,ios/BrandMoodboardFinder/BrandMoodboardFinder/BrandMoodboards/v2__bags__gimaguas.jpg,False,"Aesthetic: sun-warmed, playful, crafty, youthful, detail-oriented. Silhouettes: woven totes, bucket bags, raffia clutches, soft shoulder bags. Materials: raffia, straw, leather, cotton canvas, beads. Palette: natural straw, tan, cream, terracotta, black.","Off vibe. More fun, colours, te x tures and shapes. less straw - the straw tote is legit. regenerated","sun-warmed, playful, crafty, youthful, detail-oriented","woven totes, bucket bags, raffia clutches, soft shoulder bags","raffia, straw, leather, cotton canvas, beads","natural straw, tan, cream, terracotta, black",0.310450,0.239370,-0.071080,0.267081,0.476398,"Aesthetic: sun-warmed, playful, crafty, youthful, detail-oriented. Silhouettes: woven totes, bucket bags, raffia clutches, soft shoulder bags. Materials: raffia, straw, leather, cotton canvas, beads. Palette: natural straw, tan, cream, terracotta, black.",0.310450,False,-0.000000
ER-266,Maison Kitsuné,bags,ios/BrandMoodboardFinder/BrandMoodboardFinder/BrandMoodboards/v2__bags__maison_kitsune.jpg,False,"Aesthetic: playful, preppy, graphic, fox-logo, refined-casual. Silhouettes: crossbody bags, belt bags, backpacks, logo totes. Materials: nylon, leather, canvas, metal hardware. Palette: black, white, silver, graphic colours.",S ignature fo x missing regenerated,"playful, preppy, graphic, fox-logo, refined-casual","crossbody bags, belt bags, backpacks, logo totes","nylon, leather, canvas, metal hardware","black, white, silver, graphic colours",0.310508,0.188878,-0.121630,0.270186,0.474379,"Aesthetic: playful, preppy, graphic, fox-logo, refined-casual. Silhouettes: crossbody bags, belt bags, backpacks, logo totes. Materials: nylon, leather, canvas, metal hardware. Palette: black, white, silver, graphic colours.",0.310508,False,-0.000000
ER-265,Lindsay Nicholas New York,bags,ios/BrandMoodboardFinder/BrandMoodboardFinder/BrandMoodboards/v2__bags__lindsay_nicholas_new_york.jpg,False,"Aesthetic: polished, feminine, workwear-aware, leather-led, contemporary. Silhouettes: totes, crossbody bags, pouches, small leather goods. Materials: leather, canvas, nylon, hardware. Palette: black, tan, cream, seasonal colours.",More colours and shapes. bags with the lock detail don’t fit the brand actually regenerated,"polished, feminine, workwear-aware, leather-led, contemporary","totes, crossbody bags, pouches, small leather goods","leather, canvas, nylon, hardware","black, tan, cream, seasonal colours",0.310556,0.307875,-0.002682,0.273292,0.472360,"Aesthetic: polished, feminine, workwear-aware, leather-led, contemporary. Silhouettes: totes, crossbody bags, pouches, small leather goods. Materials: leather, canvas, nylon, hardware. Palette: black, tan, cream, seasonal colours.",0.310556,False,0.000000
ER-260,Jacquemus,bags,ios/BrandMoodboardFinder/BrandMoodboardFinder/BrandMoodboards/v2__bags__jacquemus.jpg,False,"Aesthetic: sunny, sensual, minimal-playful, sun-warmed, sculptural. Silhouettes: shoulder bags, compact crossbodies, structured totes, soft pouches. Materials: cotton, linen, wool, leather. Palette: white, beige, terracotta, lilac, black.",Off vibe. Classic bags missing. too beige. regenerated,"sunny, sensual, minimal-playful, sun-warmed, sculptural","shoulder bags, compact crossbodies, structured totes, soft pouches","cotton, linen, wool, leather","white, beige, terracotta, lilac, black",0.310622,0.242684,-0.067939,0.276398,0.470342,"Aesthetic: sunny, sensual, minimal-playful, sun-warmed, sculptural. Silhouettes: shoulder bags, compact crossbodies, structured totes, soft pouches. Materials: cotton, linen, wool, leather. Palette: white, beige, terracotta, lilac, black.",0.310622,False,0.000000
ER-268,Mar Y Sol,bags,ios/BrandMoodboardFinder/BrandMoodboardFinder/BrandMoodboards/v2__bags__mar_y_sol.jpg,False,"Aesthetic: sun-warmed, woven, easy, artisanal, playful. Silhouettes: woven straw totes, raffia bags, easy carryalls. Materials: raffia, straw, leather. Palette: natural, brights, ivory, tan.",close vibe. a bit more colour to add to the beige straw. regenerated,"sun-warmed, woven, easy, artisanal, playful","woven straw totes, raffia bags, easy carryalls","raffia, straw, leather","natural, brights, ivory, tan",0.310850,0.209001,-0.101849,0.279503,0.468323,"Aesthetic: sun-warmed, woven, easy, artisanal, playful. Silhouettes: woven straw totes, raffia bags, easy carryalls. Materials: raffia, straw, leather. Palette: natural, brights, ivory, tan.",0.310850,False,-0.000000
ER-060,Kowtow,clothes,ios/BrandMoodboardFinder/BrandMoodboardFinder/BrandMoodboards/v2__clothes__kowtow.jpg,False,"Aesthetic: ethical, organic, architectural, relaxed, modern. Silhouettes: sculptural dresses, boxy shirts, wide trousers, layered knitwear and utilitarian outerwear. Materials: organic cotton, denim, wool knit and low-impact natural fibres. Palette: navy, cobalt, black, cream and grounded seasonal colour.","W ords on the collage. Off vibe, too generic. ethical, organic - note is it something to note on cards? regenerated","ethical, organic, architectural, relaxed, modern","sculptural dresses, boxy shirts, wide trousers, layered knitwear and utilitarian outerwear","organic cotton, denim, wool knit and low-impact natural fibres","navy, cobalt, black, cream and grounded seasonal colour",0.311721,0.209637,-0.102084,0.282609,0.466304,"Aesthetic: sustainable, minimal, new zealand, considered, easy. Silhouettes: clean separates, easy dresses, soft basics. Materials: fairtrade organic cotton. Palette: ecru, black, navy, earth tones.",0.272382,True,0.039339
ER-330,Paul Smith,clothes,ios/BrandMoodboardFinder/BrandMoodboardFinder/BrandMoodboards/v2__clothes__paul_smith.jpg,False,"Aesthetic: Paul Smith clothing expressing British tailoring with witty colour. Silhouettes: fully clothed adult looks: louche inside-out navy suit, wide-shouldered double-breasted check suit, painterly floral shirt with dark trousers, bright signature-stripe knit, colour-panelled wool blazer look and a softly washed herringbone coat. Materials: cotton, wool, denim, leather, knit and technical seasonal fabrics. Palette: inky navy, burgundy, forest green, mustard, cobalt and controlled rainbow accents.",Add this brand and create a category-appropriate moodboard. catalog_added_and_generated,Paul Smith clothing expressing British tailoring with witty colour,"fully clothed adult looks: louche inside-out navy suit, wide-shouldered double-breasted check suit, painterly floral shirt with dark trousers, bright signature-stripe knit, colour-panelled wool blazer look and a softly washed herringbone coat","cotton, wool, denim, leather, knit and technical seasonal fabrics","inky navy, burgundy, forest green, mustard, cobalt and controlled rainbow accents",0.311758,0.234817,-0.076941,0.285714,0.464286,"Aesthetic: Paul Smith clothing expressing British tailoring with witty colour. Silhouettes: fully clothed adult looks: louche inside-out navy suit, wide-shouldered double-breasted check suit, painterly floral shirt with dark trousers, bright signature-stripe knit, colour-panelled wool blazer look and a softly washed herringbone coat. Materials: cotton, wool, denim, leather, knit and technical seasonal fabrics. Palette: inky navy, burgundy, forest green, mustard, cobalt and controlled rainbow accents.",0.311758,False,-0.000000
ER-261,Jil Sander,bags,ios/BrandMoodboardFinder/BrandMoodboardFinder/BrandMoodboards/v2__bags__jil_sander.jpg,False,"Aesthetic: minimal, architectural, quiet, precise, detail-oriented. Silhouettes: structured shoulder bags, clean totes, crossbody bags, pouches. Materials: smooth leather, suede, canvas, minimal hardware. Palette: black, cream, taupe, chocolate.","Classic bags missing, minimal vibe. Bamboo handle. tote is not JS? regenerated","minimal, architectural, quiet, precise, detail-oriented","structured shoulder bags, clean totes, crossbody bags, pouches","smooth leather, suede, canvas, minimal hardware","black, cream, taupe, chocolate",0.311770,0.280778,-0.030992,0.288820,0.462267,"Aesthetic: minimal, architectural, quiet, precise, detail-oriented. Silhouettes: structured shoulder bags, clean totes, crossbody bags, pouches. Materials: smooth leather, suede, canvas, minimal hardware. Palette: black, cream, taupe, chocolate.",0.311770,False,-0.000000
ER-259,J.W. Anderson,bags,ios/BrandMoodboardFinder/BrandMoodboardFinder/BrandMoodboards/v2__bags__j_w_anderson.jpg,False,"Aesthetic: conceptual, playful, eccentric, craft-led, offbeat. Silhouettes: mini bags, shoulder bags, top-handle bags, soft totes. Materials: leather, satin, raffia, chain hardware. Palette: cream, blush, black, red, seasonal prints.",Medium vibe. 2 pairs of the same bags. classic pigeon animals are missing. newest style missing regenerated,"conceptual, playful, eccentric, craft-led, offbeat","mini bags, shoulder bags, top-handle bags, soft totes","leather, satin, raffia, chain hardware","cream, blush, black, red, seasonal prints",0.311928,0.268549,-0.043379,0.291925,0.460248,"Aesthetic: conceptual, playful, eccentric, craft-led, offbeat. Silhouettes: mini bags, shoulder bags, top-handle bags, soft totes. Materials: leather, satin, raffia, chain hardware. Palette: cream, blush, black, red, seasonal prints.",0.311928,False,-0.000000
ER-280,Barbour,clothes,ios/BrandMoodboardFinder/BrandMoodboardFinder/BrandMoodboards/v2__clothes__barbour.jpg,False,"Aesthetic: Barbour clothing rooted in British countryside utility. Silhouettes: adult looks or garments: olive waxed field jacket, navy quilted jacket, brown hunting coat with corduroy collar, tartan-lined raincoat, chunky lambswool knit and a practical cotton overshirt. Materials: cotton, wool, denim, leather, knit and technical seasonal fabrics. Palette: olive, navy, tobacco, cream and muted tartan in rainy rural light.",Add this brand and create a category-appropriate moodboard. catalog_added_and_generated,Barbour clothing rooted in British countryside utility,"adult looks or garments: olive waxed field jacket, navy quilted jacket, brown hunting coat with corduroy collar, tartan-lined raincoat, chunky lambswool knit and a practical cotton overshirt","cotton, wool, denim, leather, knit and technical seasonal fabrics","olive, navy, tobacco, cream and muted tartan in rainy rural light",0.312102,0.216226,-0.095876,0.295031,0.458230,"Aesthetic: Barbour clothing rooted in British countryside utility. Silhouettes: adult looks or garments: olive waxed field jacket, navy quilted jacket, brown hunting coat with corduroy collar, tartan-lined raincoat, chunky lambswool knit and a practical cotton overshirt. Materials: cotton, wool, denim, leather, knit and technical seasonal fabrics. Palette: olive, navy, tobacco, cream and muted tartan in rainy rural light.",0.312102,False,0.000000
ER-355,Roxanne First,jewellery,ios/BrandMoodboardFinder/BrandMoodboardFinder/BrandMoodboards/v2__jewellery__roxanne_first.jpg,False,"Aesthetic: Roxanne First fine-jewellery with exactly one different hero piece per panel: rainbow-sapphire tennis necklace, rainbow-sapphire Sprinkle hoop earrings, multicolour Skittle bracelet, diamond Shooting Star pendant, polished gold Puffy Heart ring and playful pearl-and-rainbow-sapphire mushroom beaded necklace. Silhouettes: Show delicate 14k gold, ethical diamonds and vivid gemstones designed for layering and stacking. Materials: gold, silver, enamel, pearls, crystals and gemstones. Palette: brand-signature neutrals and seasonal colour accents.",Add this brand and create a category-appropriate moodboard. catalog_added_and_generated,"Roxanne First fine-jewellery with exactly one different hero piece per panel: rainbow-sapphire tennis necklace, rainbow-sapphire Sprinkle hoop earrings, multicolour Skittle bracelet, diamond Shooting Star pendant, polished gold Puffy Heart ring and playful pearl-and-rainbow-sapphire mushroom beaded necklace","Show delicate 14k gold, ethical diamonds and vivid gemstones designed for layering and stacking","gold, silver, enamel, pearls, crystals and gemstones",brand-signature neutrals and seasonal colour accents,0.312317,0.248865,-0.063452,0.298137,0.456211,"Aesthetic: Roxanne First fine-jewellery with exactly one different hero piece per panel: rainbow-sapphire tennis necklace, rainbow-sapphire Sprinkle hoop earrings, multicolour Skittle bracelet, diamond Shooting Star pendant, polished gold Puffy Heart ring and playful pearl-and-rainbow-sapphire mushroom beaded necklace. Silhouettes: Show delicate 14k gold, ethical diamonds and vivid gemstones designed for layering and stacking. Materials: gold, silver, enamel, pearls, crystals and gemstones. Palette: brand-signature neutrals and seasonal colour accents.",0.312317,False,0.000000
ER-093,MSGM,clothes,ios/BrandMoodboardFinder/BrandMoodboardFinder/BrandMoodboards/v2__clothes__msgm.jpg,False,"Aesthetic: playful, bold, youthful, print-led, energetic. Silhouettes: print dresses, graphic separates, easy tailoring. Materials: cotton, jersey, jacquard. Palette: bold print, brights, black.",Medium vibe. repeated image. regenerated,"playful, bold, youthful, print-led, energetic","print dresses, graphic separates, easy tailoring","cotton, jersey, jacquard","bold print, brights, black",0.312544,0.195686,-0.116858,0.301242,0.454193,"Aesthetic: playful, bold, youthful, print-led, energetic. Silhouettes: print dresses, graphic separates, easy tailoring. Materials: cotton, jersey, jacquard. Palette: bold print, brights, black.",0.312544,False,0.000000
ER-129,Significant Other,clothes,ios/BrandMoodboardFinder/BrandMoodboardFinder/BrandMoodboards/v2__clothes__significant_other.jpg,False,"Aesthetic: romantic, contemporary, feminine, considered, soft. Silhouettes: fluid dresses, soft tailoring, draped cuts. Materials: crepe, satin, knit. Palette: ivory, black, soft tones, print.",words on the collage. close vibe regenerated,"romantic, contemporary, feminine, considered, soft","fluid dresses, soft tailoring, draped cuts","crepe, satin, knit","ivory, black, soft tones, print",0.313285,0.195483,-0.117802,0.304348,0.452174,"Aesthetic: romantic, contemporary, feminine, considered, soft. Silhouettes: fluid dresses, soft tailoring, draped cuts. Materials: crepe, satin, knit. Palette: ivory, black, soft tones, print.",0.313285,False,0.000000
ER-279,AVAVAV,clothes,ios/BrandMoodboardFinder/BrandMoodboardFinder/BrandMoodboards/v2__clothes__avavav.jpg,False,"Aesthetic: Create a directional vertical six-panel AVAVAV clothing capturing satirical Milan runway energy. Silhouettes: Show six different fully clothed adult looks or garments: exaggerated-shoulder blazer, distressed oversized hoodie, trompe-l'oeil fitted dress, deliberately crumpled tailoring, sculptural puffer and an asymmetrical deconstructed knit. Materials: cotton, wool, denim, leather, knit and technical seasonal fabrics. Palette: acid green, black, grey, white and one vivid red accent with disruptive torn-paper composition.",Add this brand and create a category-appropriate moodboard. catalog_added_and_generated,Create a directional vertical six-panel AVAVAV clothing capturing satirical Milan runway energy,"Show six different fully clothed adult looks or garments: exaggerated-shoulder blazer, distressed oversized hoodie, trompe-l'oeil fitted dress, deliberately crumpled tailoring, sculptural puffer and an asymmetrical deconstructed knit","cotton, wool, denim, leather, knit and technical seasonal fabrics","acid green, black, grey, white and one vivid red accent with disruptive torn-paper composition",0.313403,0.262443,-0.050960,0.307453,0.450155,"Aesthetic: Create a directional vertical six-panel AVAVAV clothing capturing satirical Milan runway energy. Silhouettes: Show six different fully clothed adult looks or garments: exaggerated-shoulder blazer, distressed oversized hoodie, trompe-l'oeil fitted dress, deliberately crumpled tailoring, sculptural puffer and an asymmetrical deconstructed knit. Materials: cotton, wool, denim, leather, knit and technical seasonal fabrics. Palette: acid green, black, grey, white and one vivid red accent with disruptive torn-paper composition.",0.313403,False,0.000000
ER-177,chrome hearts,shoes,ios/BrandMoodboardFinder/BrandMoodboardFinder/BrandMoodboards/v2__shoes__chrome_hearts.jpg,False,"Aesthetic: gothic, biker, rock-refined, silver-heavy, practical. Silhouettes: chunky sneakers, platform boots, loafers, slides. Materials: leather, rubber, canvas, technical mesh. Palette: black, white, silver, graphic accents.",medium vibe - add more branded boots and slippers regenerated,"gothic, biker, rock-refined, silver-heavy, practical","chunky sneakers, platform boots, loafers, slides","leather, rubber, canvas, technical mesh","black, white, silver, graphic accents",0.313712,0.261819,-0.051893,0.310559,0.448137,"Aesthetic: gothic, biker, rock-refined, silver-heavy, practical. Silhouettes: chunky sneakers, platform boots, loafers, slides. Materials: leather, rubber, canvas, technical mesh. Palette: black, white, silver, graphic accents.",0.313712,False,-0.000000
ER-063,Le Bon Shoppe,clothes,ios/BrandMoodboardFinder/BrandMoodboardFinder/BrandMoodboards/v2__clothes__le_bon_shoppe.jpg,False,"Aesthetic: playful, retro, easy, considered, soft. Silhouettes: statement socks, easy knits, soft basics. Materials: cotton, wool. Palette: brights, neutral tones, ecru.",More clothes to add. too much focus on shoes/socks in the images regenerated,"playful, retro, easy, considered, soft","statement socks, easy knits, soft basics","cotton, wool","brights, neutral tones, ecru",0.314272,0.279810,-0.034462,0.313665,0.446118,"Aesthetic: playful, retro, easy, considered, soft. Silhouettes: statement socks, easy knits, soft basics. Materials: cotton, wool. Palette: brights, neutral tones, ecru.",0.314272,False,0.000000
ER-276,Abercrombie & Fitch,clothes,ios/BrandMoodboardFinder/BrandMoodboardFinder/BrandMoodboards/v2__clothes__abercrombie_and_fitch.jpg,False,"Aesthetic: Create a current vertical six-panel Abercrombie & Fitch clothing focused on polished relaxed American wardrobe staples, not the old logo-heavy era. Silhouettes: adult looks or garments: relaxed 90s jeans, tailored wide-leg trousers, a linen shirt, soft knit cardigan, clean bomber jacket and an understated slip dress. Materials: cotton, wool, denim, leather, knit and technical seasonal fabrics. Palette: warm cream, chocolate, denim blue, charcoal and olive with soft editorial light.",Add this brand and create a category-appropriate moodboard. catalog_added_and_generated,"Create a current vertical six-panel Abercrombie & Fitch clothing focused on polished relaxed American wardrobe staples, not the old logo-heavy era","adult looks or garments: relaxed 90s jeans, tailored wide-leg trousers, a linen shirt, soft knit cardigan, clean bomber jacket and an understated slip dress","cotton, wool, denim, leather, knit and technical seasonal fabrics","warm cream, chocolate, denim blue, charcoal and olive with soft editorial light",0.314417,0.242696,-0.071721,0.316770,0.444099,"Aesthetic: Create a current vertical six-panel Abercrombie & Fitch clothing focused on polished relaxed American wardrobe staples, not the old logo-heavy era. Silhouettes: adult looks or garments: relaxed 90s jeans, tailored wide-leg trousers, a linen shirt, soft knit cardigan, clean bomber jacket and an understated slip dress. Materials: cotton, wool, denim, leather, knit and technical seasonal fabrics. Palette: warm cream, chocolate, denim blue, charcoal and olive with soft editorial light.",0.314417,False,-0.000000
ER-077,Maje,clothes,ios/BrandMoodboardFinder/BrandMoodboardFinder/BrandMoodboards/v2__clothes__maje.jpg,False,"Aesthetic: feminine, contemporary, bohemian-chic, polished. Silhouettes: easy dresses, soft knits, tailored separates. Materials: wool, cotton, lace, leather. Palette: navy, ecru, black, print.",2 pairs of repeat images regenerated,"feminine, contemporary, bohemian-chic, polished","easy dresses, soft knits, tailored separates","wool, cotton, lace, leather","navy, ecru, black, print",0.314845,0.200266,-0.114579,0.319876,0.442081,"Aesthetic: feminine, contemporary, bohemian-chic, polished. Silhouettes: easy dresses, soft knits, tailored separates. Materials: wool, cotton, lace, leather. Palette: navy, ecru, black, print.",0.314845,False,-0.000000
ER-137,Stussy,clothes,ios/BrandMoodboardFinder/BrandMoodboardFinder/BrandMoodboards/v2__clothes__stussy.jpg,False,"Aesthetic: streetwear, surf, laid-back, graphic, heritage. Silhouettes: relaxed tees, hoodies, easy trousers, workwear jackets. Materials: cotton fleece, jersey, twill, nylon. Palette: black, white, washed tones, primary pops.",". Close vibe, but using a carhartt jacket and the hoodie is off brand. regenerated","streetwear, surf, laid-back, graphic, heritage","relaxed tees, hoodies, easy trousers, workwear jackets","cotton fleece, jersey, twill, nylon","black, white, washed tones, primary pops",0.314870,0.236738,-0.078131,0.322981,0.440062,"Aesthetic: streetwear, surf, laid-back, graphic, heritage. Silhouettes: relaxed tees, hoodies, easy trousers, workwear jackets. Materials: cotton fleece, jersey, twill, nylon. Palette: black, white, washed tones, primary pops.",0.314870,False,-0.000000
ER-034,Dime,clothes,ios/BrandMoodboardFinder/BrandMoodboardFinder/BrandMoodboards/v2__clothes__dime.jpg,False,"Aesthetic: skate, playful, graphic, relaxed. Silhouettes: graphic tees, hoodies, easy trousers, casual knits. Materials: cotton fleece, jersey. Palette: pastel, black, brights, print.","Off vibe. I mages might be from a another brand or very niche pieces? more solid colourred items, hoodies, printed tees regenerated","skate, playful, graphic, relaxed","graphic tees, hoodies, easy trousers, casual knits","cotton fleece, jersey","pastel, black, brights, print",0.315298,0.256656,-0.058643,0.326087,0.438043,"Aesthetic: skate, playful, graphic, relaxed. Silhouettes: graphic tees, hoodies, easy trousers, casual knits. Materials: cotton fleece, jersey. Palette: pastel, black, brights, print.",0.315298,False,0.000000
ER-068,Lisou,clothes,ios/BrandMoodboardFinder/BrandMoodboardFinder/BrandMoodboards/v2__clothes__lisou.jpg,False,"Aesthetic: print-led, silky, playful, feminine, bright. Silhouettes: silk shirts, print dresses, easy separates. Materials: silk, knit. Palette: animal print, brights, jewel tones.",2 pairs of repeated images. Medium vibes - more variation of prints needed regenerated,"print-led, silky, playful, feminine, bright","silk shirts, print dresses, easy separates","silk, knit","animal print, brights, jewel tones",0.316876,0.224606,-0.092270,0.329193,0.436025,"Aesthetic: print-led, silky, playful, feminine, bright. Silhouettes: silk shirts, print dresses, easy separates. Materials: silk, knit. Palette: animal print, brights, jewel tones.",0.316876,False,-0.000000
ER-295,Duran Lantink,clothes,ios/BrandMoodboardFinder/BrandMoodboardFinder/BrandMoodboards/v2__clothes__duran_lantink.jpg,False,"Aesthetic: Duran Lantink clothing focused on reconstruction and surreal sculpted volume. Silhouettes: fully clothed adult runway looks: oversized faux-suede coat, sculptured tartan mini dress over an opaque base, over-the-shoulders leather bomber, padded jersey trouser look, double-waisted skirt with tailored jacket and a tapered animal-print coat. Materials: cotton, wool, denim, leather, knit and technical seasonal fabrics. Palette: camel, black, orange, purple, tartan and controlled zebra or leopard with exaggerated but wearable three-dimensional forms.",Add this brand and create a category-appropriate moodboard. catalog_added_and_generated,Duran Lantink clothing focused on reconstruction and surreal sculpted volume,"fully clothed adult runway looks: oversized faux-suede coat, sculptured tartan mini dress over an opaque base, over-the-shoulders leather bomber, padded jersey trouser look, double-waisted skirt with tailored jacket and a tapered animal-print coat","cotton, wool, denim, leather, knit and technical seasonal fabrics","camel, black, orange, purple, tartan and controlled zebra or leopard with exaggerated but wearable three-dimensional forms",0.316985,0.247934,-0.069051,0.332298,0.434006,"Aesthetic: Duran Lantink clothing focused on reconstruction and surreal sculpted volume. Silhouettes: fully clothed adult runway looks: oversized faux-suede coat, sculptured tartan mini dress over an opaque base, over-the-shoulders leather bomber, padded jersey trouser look, double-waisted skirt with tailored jacket and a tapered animal-print coat. Materials: cotton, wool, denim, leather, knit and technical seasonal fabrics. Palette: camel, black, orange, purple, tartan and controlled zebra or leopard with exaggerated but wearable three-dimensional forms.",0.316985,False,0.000000
ER-333,P.E Nation,clothes,ios/BrandMoodboardFinder/BrandMoodboardFinder/BrandMoodboards/v2__clothes__p_e_nation.jpg,False,"Aesthetic: P.E Nation womenswear fusing Australian performance activewear with a street-sport edge. Silhouettes: fully clothed adult looks across varied body types: black Baseline leggings with covered long-sleeve top, colour-block running jacket with track pants, Studio Soft Pilates top with flared pants, oversized lifestyle sweatshirt with loose trousers, Active Lite shell with shorts over tights and a relaxed knit-and-cargo travel look. Materials: cotton, wool, denim, leather, knit and technical seasonal fabrics. Palette: black, cream, cobalt, rust, khaki and soft grey.",Add this brand and create a category-appropriate moodboard. catalog_added_and_generated,P.E Nation womenswear fusing Australian performance activewear with a street-sport edge,"fully clothed adult looks across varied body types: black Baseline leggings with covered long-sleeve top, colour-block running jacket with track pants, Studio Soft Pilates top with flared pants, oversized lifestyle sweatshirt with loose trousers, Active Lite shell with shorts over tights and a relaxed knit-and-cargo travel look","cotton, wool, denim, leather, knit and technical seasonal fabrics","black, cream, cobalt, rust, khaki and soft grey",0.317115,0.235134,-0.081982,0.335404,0.431988,"Aesthetic: P.E Nation womenswear fusing Australian performance activewear with a street-sport edge. Silhouettes: fully clothed adult looks across varied body types: black Baseline leggings with covered long-sleeve top, colour-block running jacket with track pants, Studio Soft Pilates top with flared pants, oversized lifestyle sweatshirt with loose trousers, Active Lite shell with shorts over tights and a relaxed knit-and-cargo travel look. Materials: cotton, wool, denim, leather, knit and technical seasonal fabrics. Palette: black, cream, cobalt, rust, khaki and soft grey.",0.317115,False,0.000000
ER-100,Obey,clothes,ios/BrandMoodboardFinder/BrandMoodboardFinder/BrandMoodboards/v2__clothes__obey.jpg,False,"Aesthetic: streetwear, skate, graphic, political, mixed-gender. Silhouettes: logo T-shirts, graphic sweatshirts, work jackets, loose trousers, caps and casual layers. Materials: cotton jersey, fleece, canvas, twill and washed denim. Palette: black, ecru, olive, red, navy and graphic colour.","Close vibe, but the ‘ interior ’ should have the obey graffiti. remove the yellow close up, and swap the buttons. more arthouse skater energy regenerated","streetwear, skate, graphic, political, mixed-gender","logo T-shirts, graphic sweatshirts, work jackets, loose trousers, caps and casual layers","cotton jersey, fleece, canvas, twill and washed denim","black, ecru, olive, red, navy and graphic colour",0.317194,0.242775,-0.074419,0.338509,0.429969,"Aesthetic: streetwear, graphic, political, casual, bold. Silhouettes: graphic tees, easy outerwear, casual separates. Materials: cotton jersey, fleece, twill. Palette: black, ecru, brights, print.",0.306044,True,0.011150
ER-116,Pucci,clothes,ios/BrandMoodboardFinder/BrandMoodboardFinder/BrandMoodboards/v2__clothes__pucci.jpg,False,"Aesthetic: psychedelic, print-led, opulent, retro, vibrant. Silhouettes: print dresses, silk separates, fluid silhouettes. Materials: silk jersey, twill. Palette: kaleidoscopic print, brights, jewel.",Close vibe repeated image regenerated,"psychedelic, print-led, opulent, retro, vibrant","print dresses, silk separates, fluid silhouettes","silk jersey, twill","kaleidoscopic print, brights, jewel",0.317806,0.223559,-0.094247,0.341615,0.427950,"Aesthetic: psychedelic, print-led, opulent, retro, vibrant. Silhouettes: print dresses, silk separates, fluid silhouettes. Materials: silk jersey, twill. Palette: kaleidoscopic print, brights, jewel.",0.317806,False,-0.000000
ER-231,Acne Studios,bags,ios/BrandMoodboardFinder/BrandMoodboardFinder/BrandMoodboards/v2__bags__acne_studios.jpg,False,"Aesthetic: contemporary, off-beat, minimal, directional, urban. Silhouettes: musubi bags, shoulder bags, totes, crossbody pouches. Materials: leather, suede, denim, metal hardware. Palette: black, camel, pink, cream, seasonal brights.","Medium vibe. needs more popular bags, the middle brown and beige look off brand regenerated","contemporary, off-beat, minimal, directional, urban","musubi bags, shoulder bags, totes, crossbody pouches","leather, suede, denim, metal hardware","black, camel, pink, cream, seasonal brights",0.317969,0.303993,-0.013976,0.344720,0.425932,"Aesthetic: contemporary, off-beat, minimal, directional, urban. Silhouettes: musubi bags, shoulder bags, totes, crossbody pouches. Materials: leather, suede, denim, metal hardware. Palette: black, camel, pink, cream, seasonal brights.",0.317969,False,-0.000000
ER-126,Shoshanna,clothes,ios/BrandMoodboardFinder/BrandMoodboardFinder/BrandMoodboards/v2__clothes__shoshanna.jpg,False,"Aesthetic: polished, feminine, occasion, refined, bold. Silhouettes: structured dresses, statement separates, sharp cuts. Materials: crepe, lace, jacquard. Palette: black, brights, jewel tones, print.",repeated image. close vibe regenerated,"polished, feminine, occasion, refined, bold","structured dresses, statement separates, sharp cuts","crepe, lace, jacquard","black, brights, jewel tones, print",0.318173,0.191428,-0.126745,0.347826,0.423913,"Aesthetic: polished, feminine, occasion, refined, bold. Silhouettes: structured dresses, statement separates, sharp cuts. Materials: crepe, lace, jacquard. Palette: black, brights, jewel tones, print.",0.318173,False,0.000000
ER-262,Jonathan Simkhai,bags,ios/BrandMoodboardFinder/BrandMoodboardFinder/BrandMoodboards/v2__bags__jonathan_simkhai.jpg,False,"Aesthetic: sensual, sculptural, polished, modern, feminine. Silhouettes: structured totes, top-handle bags, shoulder bags, crossbodies. Materials: calfskin leather, suede, canvas, brass hardware. Palette: black, tan, cognac, cream.",More evening bags to add. regenerated,"sensual, sculptural, polished, modern, feminine","structured totes, top-handle bags, shoulder bags, crossbodies","calfskin leather, suede, canvas, brass hardware","black, tan, cognac, cream",0.318284,0.288235,-0.030049,0.350932,0.421894,"Aesthetic: sensual, sculptural, polished, modern, feminine. Silhouettes: structured totes, top-handle bags, shoulder bags, crossbodies. Materials: calfskin leather, suede, canvas, brass hardware. Palette: black, tan, cognac, cream.",0.318284,False,-0.000000
ER-290,Charles Jeffrey Loverboy,clothes,ios/BrandMoodboardFinder/BrandMoodboardFinder/BrandMoodboards/v2__clothes__charles_jeffrey_loverboy.jpg,False,"Aesthetic: Charles Jeffrey LOVERBOY clothing with joyful queer London club energy and Scottish punk craft. Silhouettes: fully clothed adult looks or garments: a red-tartan tailored look, scarf-panel denim jacket, exuberant multicolour collage knit, knitted puffer, exaggerated striped shirt and polka-dot cardigan. Materials: cotton, wool, denim, leather, knit and technical seasonal fabrics. Palette: red, cobalt, acid green, purple, black and tartan with handmade patching and theatrical editorial light.",Add this brand and create a category-appropriate moodboard. catalog_added_and_generated,Charles Jeffrey LOVERBOY clothing with joyful queer London club energy and Scottish punk craft,"fully clothed adult looks or garments: a red-tartan tailored look, scarf-panel denim jacket, exuberant multicolour collage knit, knitted puffer, exaggerated striped shirt and polka-dot cardigan","cotton, wool, denim, leather, knit and technical seasonal fabrics","red, cobalt, acid green, purple, black and tartan with handmade patching and theatrical editorial light",0.318551,0.237776,-0.080775,0.354037,0.419876,"Aesthetic: Charles Jeffrey LOVERBOY clothing with joyful queer London club energy and Scottish punk craft. Silhouettes: fully clothed adult looks or garments: a red-tartan tailored look, scarf-panel denim jacket, exuberant multicolour collage knit, knitted puffer, exaggerated striped shirt and polka-dot cardigan. Materials: cotton, wool, denim, leather, knit and technical seasonal fabrics. Palette: red, cobalt, acid green, purple, black and tartan with handmade patching and theatrical editorial light.",0.318551,False,-0.000000
ER-092,MOWALOLA,clothes,ios/BrandMoodboardFinder/BrandMoodboardFinder/BrandMoodboards/v2__clothes__mowalola.jpg,False,"Aesthetic: bold, provocative, graphic, sensual, futuristic. Silhouettes: second-skin pieces, leather tailoring, graphic separates. Materials: leather, jersey, technical. Palette: bold brights, black, print.","L eather zip repeated twice, and in the main image. Medium vibe - the brand mi x es se x y with streetstyle more regenerated","bold, provocative, graphic, sensual, futuristic","second-skin pieces, leather tailoring, graphic separates","leather, jersey, technical","bold brights, black, print",0.318754,0.287637,-0.031117,0.357143,0.417857,"Aesthetic: bold, provocative, graphic, sensual, futuristic. Silhouettes: second-skin pieces, leather tailoring, graphic separates. Materials: leather, jersey, technical. Palette: bold brights, black, print.",0.318754,False,0.000000
ER-348,Ecco,shoes,ios/BrandMoodboardFinder/BrandMoodboardFinder/BrandMoodboards/v2__shoes__ecco.jpg,False,"Aesthetic: product-only ECCO footwear with one complete single hero shoe per panel: white leather Soft 7 trainer, burgundy nubuck Gruuv trainer with flexible segmented sole, grey technical BIOM 720 BREATHRU, brown Metropole Vienna leather loafer, tan Cozmo two-strap sandal and black RECEPTOR XP waterproof outdoor shoe. Silhouettes: product-only ECCO footwear with one complete single hero shoe per panel: white leather Soft 7 trainer, burgundy nubuck Gruuv trainer with flexible segmented sole, grey technical BIOM 720 BREATHRU, brown Metropole Vienna leather loafer, tan Cozmo two-strap sandal and black RECEPTOR XP waterproof outdoor shoe. Materials: leather, suede, canvas, mesh, rubber and technical textiles. Palette: brand-signature neutrals and seasonal colour accents.",Add this brand and create a category-appropriate moodboard. catalog_added_and_generated,"product-only ECCO footwear with one complete single hero shoe per panel: white leather Soft 7 trainer, burgundy nubuck Gruuv trainer with flexible segmented sole, grey technical BIOM 720 BREATHRU, brown Metropole Vienna leather loafer, tan Cozmo two-strap sandal and black RECEPTOR XP waterproof outdoor shoe","product-only ECCO footwear with one complete single hero shoe per panel: white leather Soft 7 trainer, burgundy nubuck Gruuv trainer with flexible segmented sole, grey technical BIOM 720 BREATHRU, brown Metropole Vienna leather loafer, tan Cozmo two-strap sandal and black RECEPTOR XP waterproof outdoor shoe","leather, suede, canvas, mesh, rubber and technical textiles",brand-signature neutrals and seasonal colour accents,0.318899,0.259025,-0.059874,0.360248,0.415839,"Aesthetic: product-only ECCO footwear with one complete single hero shoe per panel: white leather Soft 7 trainer, burgundy nubuck Gruuv trainer with flexible segmented sole, grey technical BIOM 720 BREATHRU, brown Metropole Vienna leather loafer, tan Cozmo two-strap sandal and black RECEPTOR XP waterproof outdoor shoe. Silhouettes: product-only ECCO footwear with one complete single hero shoe per panel: white leather Soft 7 trainer, burgundy nubuck Gruuv trainer with flexible segmented sole, grey technical BIOM 720 BREATHRU, brown Metropole Vienna leather loafer, tan Cozmo two-strap sandal and black RECEPTOR XP waterproof outdoor shoe. Materials: leather, suede, canvas, mesh, rubber and technical textiles. Palette: brand-signature neutrals and seasonal colour accents.",0.318899,False,0.000000
ER-318,Moschino,clothes,ios/BrandMoodboardFinder/BrandMoodboardFinder/BrandMoodboards/v2__clothes__moschino.jpg,False,"Aesthetic: Moschino clothing expressing playful Milan surrealism and polished camp. Silhouettes: fully clothed adult looks: trompe-l'oeil tailored jacket, colourful chain-print silk shirt with trousers, couture-inspired black biker dress, bright heart-motif knit look, cloud-print poplin shirt with shorts and an exaggerated red evening coat. Materials: cotton, wool, denim, leather, knit and technical seasonal fabrics. Palette: red, black, white, gold, sky blue and hot pink with witty but wearable construction.",Add this brand and create a category-appropriate moodboard. catalog_added_and_generated,Moschino clothing expressing playful Milan surrealism and polished camp,"fully clothed adult looks: trompe-l'oeil tailored jacket, colourful chain-print silk shirt with trousers, couture-inspired black biker dress, bright heart-motif knit look, cloud-print poplin shirt with shorts and an exaggerated red evening coat","cotton, wool, denim, leather, knit and technical seasonal fabrics","red, black, white, gold, sky blue and hot pink with witty but wearable construction",0.318985,0.255456,-0.063529,0.363354,0.413820,"Aesthetic: Moschino clothing expressing playful Milan surrealism and polished camp. Silhouettes: fully clothed adult looks: trompe-l'oeil tailored jacket, colourful chain-print silk shirt with trousers, couture-inspired black biker dress, bright heart-motif knit look, cloud-print poplin shirt with shorts and an exaggerated red evening coat. Materials: cotton, wool, denim, leather, knit and technical seasonal fabrics. Palette: red, black, white, gold, sky blue and hot pink with witty but wearable construction.",0.318985,False,0.000000
ER-174,Charles & Keith,shoes,ios/BrandMoodboardFinder/BrandMoodboardFinder/BrandMoodboards/v2__shoes__charles_and_keith.jpg,False,"Aesthetic: approachable, polished, trend-led, sleek, versatile. Silhouettes: loafers, ballet flats, sandals, ankle boots, clean sneakers. Materials: synthetic leather, suede. Palette: black, nude tones, tan, brights.","close vibe, but 3 pairs of repeated images. regenerated","approachable, polished, trend-led, sleek, versatile","loafers, ballet flats, sandals, ankle boots, clean sneakers","synthetic leather, suede","black, nude tones, tan, brights",0.319590,0.201985,-0.117605,0.366460,0.411801,"Aesthetic: approachable, polished, trend-led, sleek, versatile. Silhouettes: loafers, ballet flats, sandals, ankle boots, clean sneakers. Materials: synthetic leather, suede. Palette: black, nude tones, tan, brights.",0.319590,False,0.000000
ER-083,Mary Katrantzou,clothes,ios/BrandMoodboardFinder/BrandMoodboardFinder/BrandMoodboards/v2__clothes__mary_katrantzou.jpg,False,"Aesthetic: maximalist, print-led, ornate, exuberant, bold. Silhouettes: print dresses, structured silhouettes, bold separates. Materials: silk, jacquard, embellishment. Palette: digital print, jewel tones, bold.","repeated image. close vibe. swap the interior to be more geometric, rather than ethnic print. regenerated","maximalist, print-led, ornate, exuberant, bold","print dresses, structured silhouettes, bold separates","silk, jacquard, embellishment","digital print, jewel tones, bold",0.320001,0.264488,-0.055514,0.369565,0.409783,"Aesthetic: maximalist, print-led, ornate, exuberant, bold. Silhouettes: print dresses, structured silhouettes, bold separates. Materials: silk, jacquard, embellishment. Palette: digital print, jewel tones, bold.",0.320001,False,0.000000
ER-243,chrome hearts,bags,ios/BrandMoodboardFinder/BrandMoodboardFinder/BrandMoodboards/v2__bags__chrome_hearts.jpg,False,"Aesthetic: gothic, biker, rock-refined, silver-heavy, rebellious. Silhouettes: leather totes, crossbody bags, pouches, hardware-heavy bags. Materials: leather, sterling silver hardware, canvas, denim. Palette: black, silver, white, red accents.",". Overall close vibe, would be good to add nags with a silver dagger or the cross. regenerated","gothic, biker, rock-refined, silver-heavy, rebellious","leather totes, crossbody bags, pouches, hardware-heavy bags","leather, sterling silver hardware, canvas, denim","black, silver, white, red accents",0.320079,0.219909,-0.100171,0.372671,0.407764,"Aesthetic: gothic, biker, rock-refined, silver-heavy, rebellious. Silhouettes: leather totes, crossbody bags, pouches, hardware-heavy bags. Materials: leather, sterling silver hardware, canvas, denim. Palette: black, silver, white, red accents.",0.320079,False,0.000000
ER-057,Jude Connally,clothes,ios/BrandMoodboardFinder/BrandMoodboardFinder/BrandMoodboards/v2__clothes__jude_connally.jpg,False,"Aesthetic: preppy, colourful, polished, resort, easy-care. Silhouettes: shift dresses, tunics, printed tops, pull-on pants. Materials: stretch jersey, nylon blends, cotton. Palette: navy, pink, green, graphic prints.",close vibe. 2 pairs of repeated images regenerated,"preppy, colourful, polished, resort, easy-care","shift dresses, tunics, printed tops, pull-on pants","stretch jersey, nylon blends, cotton","navy, pink, green, graphic prints",0.320469,0.216942,-0.103528,0.375776,0.405745,"Aesthetic: preppy, colourful, polished, resort, easy-care. Silhouettes: shift dresses, tunics, printed tops, pull-on pants. Materials: stretch jersey, nylon blends, cotton. Palette: navy, pink, green, graphic prints.",0.320469,False,0.000000
ER-358,William Welstead,jewellery,ios/BrandMoodboardFinder/BrandMoodboardFinder/BrandMoodboards/v2__jewellery__william_welstead.jpg,False,"Aesthetic: William Welstead fine-jewellery with exactly one different hero piece per panel: vivid pink spinel solitaire ring, ruby eternity ring, irregular antique rose-cut diamond ring, briolette-and-diamond bead earrings, natural pearl and diamond pendant and Colombian emerald sculptural ring. Silhouettes: William Welstead fine-jewellery with exactly one different hero piece per panel: vivid pink spinel solitaire ring, ruby eternity ring, irregular antique rose-cut diamond ring, briolette-and-diamond bead earrings, natural pearl and diamond pendant and Colombian emerald sculptural ring. Materials: gold, silver, enamel, pearls, crystals and gemstones. Palette: brand-signature neutrals and seasonal colour accents.",Add this brand and create a category-appropriate moodboard. catalog_added_and_generated,"William Welstead fine-jewellery with exactly one different hero piece per panel: vivid pink spinel solitaire ring, ruby eternity ring, irregular antique rose-cut diamond ring, briolette-and-diamond bead earrings, natural pearl and diamond pendant and Colombian emerald sculptural ring","William Welstead fine-jewellery with exactly one different hero piece per panel: vivid pink spinel solitaire ring, ruby eternity ring, irregular antique rose-cut diamond ring, briolette-and-diamond bead earrings, natural pearl and diamond pendant and Colombian emerald sculptural ring","gold, silver, enamel, pearls, crystals and gemstones",brand-signature neutrals and seasonal colour accents,0.320473,0.237050,-0.083423,0.378882,0.403727,"Aesthetic: William Welstead fine-jewellery with exactly one different hero piece per panel: vivid pink spinel solitaire ring, ruby eternity ring, irregular antique rose-cut diamond ring, briolette-and-diamond bead earrings, natural pearl and diamond pendant and Colombian emerald sculptural ring. Silhouettes: William Welstead fine-jewellery with exactly one different hero piece per panel: vivid pink spinel solitaire ring, ruby eternity ring, irregular antique rose-cut diamond ring, briolette-and-diamond bead earrings, natural pearl and diamond pendant and Colombian emerald sculptural ring. Materials: gold, silver, enamel, pearls, crystals and gemstones. Palette: brand-signature neutrals and seasonal colour accents.",0.320473,False,-0.000000
ER-360,Yellow Swallow,jewellery,ios/BrandMoodboardFinder/BrandMoodboardFinder/BrandMoodboards/v2__jewellery__yellow_swallow.jpg,False,"Aesthetic: edgy, gothic, sad-girl, subcultural, Korean indie. Silhouettes: leather-and-pearl chokers, oxidised chain pendants, crystal crosses, spider brooches, sharp hair clips and blackened floral jewellery. Materials: oxidised silver, gunmetal, black nickel, smoky crystals, pearls, black leather and distressed cotton. Palette: black, gunmetal, dirty white, smoky crystal, muted mauve and burgundy.","The current Instagram has a very different, edgier vibe: sad-girl styling, blackened silver, crosses, bats, spiders, chokers, crystal hair ornaments, leather and distressed white ruffles. Replace the pastel romantic board. catalog_added_and_generated","edgy, gothic, sad-girl, subcultural, Korean indie","leather-and-pearl chokers, oxidised chain pendants, crystal crosses, spider brooches, sharp hair clips and blackened floral jewellery","oxidised silver, gunmetal, black nickel, smoky crystals, pearls, black leather and distressed cotton","black, gunmetal, dirty white, smoky crystal, muted mauve and burgundy",0.322629,0.332314,0.009686,0.431677,0.403310,"Aesthetic: Yellow Swallow jewellery with exactly one different hero piece per panel: blue Aqua Bloom crystal bracelet, Cherry Blossoms pearl necklace, black-diamond flower brooch, pink Ribbon crystal cuff, black-nickel Lily metal necklace and dark crystal Maman floral brooch. Silhouettes: Yellow Swallow jewellery with exactly one different hero piece per panel: blue Aqua Bloom crystal bracelet, Cherry Blossoms pearl necklace, black-diamond flower brooch, pink Ribbon crystal cuff, black-nickel Lily metal necklace and dark crystal Maman floral brooch. Materials: gold, silver, enamel, pearls, crystals and gemstones. Palette: brand-signature neutrals and seasonal colour accents.",0.325500,True,-0.002871
ER-314,Missguided,clothes,ios/BrandMoodboardFinder/BrandMoodboardFinder/BrandMoodboards/v2__clothes__missguided.jpg,False,"Aesthetic: Missguided clothing expressing confident trend-led British high-street style. Silhouettes: fully clothed adult looks: oversized blazer with wide trousers, washed baggy denim set, satin midi dress, utility cargo trousers with fitted long-sleeve top, faux-leather biker jacket look and a bold colour-block knit co-ord. Materials: cotton, wool, denim, leather, knit and technical seasonal fabrics. Palette: black, charcoal, mid-blue denim, chocolate, hot pink and lime.",Add this brand and create a category-appropriate moodboard. catalog_added_and_generated,Missguided clothing expressing confident trend-led British high-street style,"fully clothed adult looks: oversized blazer with wide trousers, washed baggy denim set, satin midi dress, utility cargo trousers with fitted long-sleeve top, faux-leather biker jacket look and a bold colour-block knit co-ord","cotton, wool, denim, leather, knit and technical seasonal fabrics","black, charcoal, mid-blue denim, chocolate, hot pink and lime",0.320517,0.243559,-0.076957,0.381988,0.401708,"Aesthetic: Missguided clothing expressing confident trend-led British high-street style. Silhouettes: fully clothed adult looks: oversized blazer with wide trousers, washed baggy denim set, satin midi dress, utility cargo trousers with fitted long-sleeve top, faux-leather biker jacket look and a bold colour-block knit co-ord. Materials: cotton, wool, denim, leather, knit and technical seasonal fabrics. Palette: black, charcoal, mid-blue denim, chocolate, hot pink and lime.",0.320517,False,-0.000000
ER-041,Ganni,clothes,ios/BrandMoodboardFinder/BrandMoodboardFinder/BrandMoodboards/v2__clothes__ganni.jpg,False,"Aesthetic: playful, contemporary, bold, joyful. Silhouettes: ruffled dresses, relaxed tailoring, statement knits, denim. Materials: organic cotton, recycled polyester, denim. Palette: leopard, brights, black, floral, ecru.","Medium vibe. the dress looks like a different brand; black blouse off vobe. Should be more prints, leopard, rounded shoulders ruffles, complicated shoes, etc. regenerated","playful, contemporary, bold, joyful","ruffled dresses, relaxed tailoring, statement knits, denim","organic cotton, recycled polyester, denim","leopard, brights, black, floral, ecru",0.320559,0.274004,-0.046555,0.385093,0.399689,"Aesthetic: playful, contemporary, bold, joyful. Silhouettes: ruffled dresses, relaxed tailoring, statement knits, denim. Materials: organic cotton, recycled polyester, denim. Palette: leopard, brights, black, floral, ecru.",0.320559,False,-0.000000
ER-364,Burton,shoes,ios/BrandMoodboardFinder/BrandMoodboardFinder/BrandMoodboards/v2__shoes__burton.jpg,False,"Aesthetic: technical snow sport, rugged, performance, high-support, expressive. Silhouettes: BOA snowboard boots, lace-up snowboard boots, Step On boots and high-cuff all-mountain boots. Materials: waterproof technical textile, reinforced synthetic leather, rubber, foam and metal closures. Palette: black, white, cobalt, rust, forest green and neon accents.","Add a separate shoe moodboard because footwear is a core, visually distinct part of this brand's current assortment. catalog_added_and_generated","technical snow sport, rugged, performance, high-support, expressive","BOA snowboard boots, lace-up snowboard boots, Step On boots and high-cuff all-mountain boots","waterproof technical textile, reinforced synthetic leather, rubber, foam and metal closures","black, white, cobalt, rust, forest green and neon accents",0.320568,0.284174,-0.036394,0.388199,0.397671,"Aesthetic: Burton snowboard boots combine high-support technical cuffs, BOA and traditional-lace closures, Step On compatibility, grippy soles and expressive snow-sport colour. Silhouettes: Burton snowboard boots combine high-support technical cuffs, BOA and traditional-lace closures, Step On compatibility, grippy soles and expressive snow-sport colour. Materials: leather, suede, canvas, mesh, rubber and technical textiles. Palette: brand-signature neutrals and seasonal colour accents.",0.308317,True,0.012251
ER-065,Lioness,clothes,ios/BrandMoodboardFinder/BrandMoodboardFinder/BrandMoodboards/v2__clothes__lioness.jpg,False,"Aesthetic: trend-led, playful, party, bold, youthful. Silhouettes: sharp blazers, going-out dresses, easy separates. Materials: crepe, denim, jersey. Palette: black, brights, neutral, print.","3 of the same item in the collage + repeated images. vibe close, but the building is off regenerated","trend-led, playful, party, bold, youthful","sharp blazers, going-out dresses, easy separates","crepe, denim, jersey","black, brights, neutral, print",0.320579,0.201744,-0.118835,0.391304,0.395652,"Aesthetic: trend-led, playful, party, bold, youthful. Silhouettes: sharp blazers, going-out dresses, easy separates. Materials: crepe, denim, jersey. Palette: black, brights, neutral, print.",0.320579,False,-0.000000
ER-307,Levi's,clothes,ios/BrandMoodboardFinder/BrandMoodboardFinder/BrandMoodboards/v2__clothes__levi_s.jpg,False,"Aesthetic: Levi's clothing focused on authentic denim icons and current fits. Silhouettes: fully clothed adult looks: rigid-blue 501 Original jeans, Ribcage wide-leg jeans, XL baggy straight jeans, 90s Trucker jacket, Western bootcut denim look and a dark-wash denim workshirt look. Materials: cotton, wool, denim, leather, knit and technical seasonal fabrics. Palette: rigid indigo, light wash, black denim, ecru and one red accent with honest cotton texture.",Add this brand and create a category-appropriate moodboard. catalog_added_and_generated,Levi's clothing focused on authentic denim icons and current fits,"fully clothed adult looks: rigid-blue 501 Original jeans, Ribcage wide-leg jeans, XL baggy straight jeans, 90s Trucker jacket, Western bootcut denim look and a dark-wash denim workshirt look","cotton, wool, denim, leather, knit and technical seasonal fabrics","rigid indigo, light wash, black denim, ecru and one red accent with honest cotton texture",0.320631,0.232911,-0.087720,0.394410,0.393634,"Aesthetic: Levi's clothing focused on authentic denim icons and current fits. Silhouettes: fully clothed adult looks: rigid-blue 501 Original jeans, Ribcage wide-leg jeans, XL baggy straight jeans, 90s Trucker jacket, Western bootcut denim look and a dark-wash denim workshirt look. Materials: cotton, wool, denim, leather, knit and technical seasonal fabrics. Palette: rigid indigo, light wash, black denim, ecru and one red accent with honest cotton texture.",0.320631,False,0.000000
ER-070,Longchamp,clothes,ios/BrandMoodboardFinder/BrandMoodboardFinder/BrandMoodboards/v2__clothes__longchamp.jpg,False,"Aesthetic: refined, practical, clean, casual, understated. Silhouettes: lightweight outerwear, relaxed shirting, simple knits, easy trousers. Materials: cotton, nylon, wool, leather trims. Palette: navy, tan, black, cream, muted colour.",3 of the same imag e Off vibe regenerated,"refined, practical, clean, casual, understated","lightweight outerwear, relaxed shirting, simple knits, easy trousers","cotton, nylon, wool, leather trims","navy, tan, black, cream, muted colour",0.320685,0.169446,-0.151239,0.397516,0.391615,"Aesthetic: refined, practical, clean, casual, understated. Silhouettes: lightweight outerwear, relaxed shirting, simple knits, easy trousers. Materials: cotton, nylon, wool, leather trims. Palette: navy, tan, black, cream, muted colour.",0.320685,False,0.000000
ER-248,Cuyana,bags,ios/BrandMoodboardFinder/BrandMoodboardFinder/BrandMoodboards/v2__bags__cuyana.jpg,False,"Aesthetic: minimal, considered, refined, understated, clean. Silhouettes: structured totes, clean crossbodies, simple carryalls. Materials: leather, suede. Palette: tan, black, caramel, neutral.","off vibe. the shapes are more polished ( angular), and more colours like deep green or burgundy. regenerated","minimal, considered, refined, understated, clean","structured totes, clean crossbodies, simple carryalls","leather, suede","tan, black, caramel, neutral",0.320797,0.283787,-0.037010,0.400621,0.389596,"Aesthetic: minimal, considered, refined, understated, clean. Silhouettes: structured totes, clean crossbodies, simple carryalls. Materials: leather, suede. Palette: tan, black, caramel, neutral.",0.320797,False,-0.000000
ER-319,Mugler,clothes,ios/BrandMoodboardFinder/BrandMoodboardFinder/BrandMoodboards/v2__clothes__mugler.jpg,False,"Aesthetic: Mugler ready-to-wear centered on sculpted body architecture and sharp Paris tailoring. Silhouettes: fully clothed adult looks: spiral-seamed black jacket with trousers, sculpted-shoulder cobalt suit, opaque-lined illusion-mesh midi dress, corset-seamed red dress, cutaway white tailored coat over a covered base and an asymmetric black knit dress. Materials: cotton, wool, denim, leather, knit and technical seasonal fabrics. Palette: black, cobalt, white, deep red and silver with precise dramatic light.",Add this brand and create a category-appropriate moodboard. catalog_added_and_generated,Mugler ready-to-wear centered on sculpted body architecture and sharp Paris tailoring,"fully clothed adult looks: spiral-seamed black jacket with trousers, sculpted-shoulder cobalt suit, opaque-lined illusion-mesh midi dress, corset-seamed red dress, cutaway white tailored coat over a covered base and an asymmetric black knit dress","cotton, wool, denim, leather, knit and technical seasonal fabrics","black, cobalt, white, deep red and silver with precise dramatic light",0.321012,0.257509,-0.063503,0.403727,0.387578,"Aesthetic: Mugler ready-to-wear centered on sculpted body architecture and sharp Paris tailoring. Silhouettes: fully clothed adult looks: spiral-seamed black jacket with trousers, sculpted-shoulder cobalt suit, opaque-lined illusion-mesh midi dress, corset-seamed red dress, cutaway white tailored coat over a covered base and an asymmetric black knit dress. Materials: cotton, wool, denim, leather, knit and technical seasonal fabrics. Palette: black, cobalt, white, deep red and silver with precise dramatic light.",0.321012,False,-0.000000
ER-132,Soaked in Luxury,clothes,ios/BrandMoodboardFinder/BrandMoodboardFinder/BrandMoodboards/v2__clothes__soaked_in_luxury.jpg,False,"Aesthetic: easy, feminine, contemporary, soft, considered. Silhouettes: soft dresses, easy knits, relaxed separates. Materials: viscose, cotton, knit. Palette: ecru, navy, soft tones, print.",Medium vibe. same items used in 3 images. regenerated,"easy, feminine, contemporary, soft, considered","soft dresses, easy knits, relaxed separates","viscose, cotton, knit","ecru, navy, soft tones, print",0.321060,0.207255,-0.113804,0.406832,0.385559,"Aesthetic: easy, feminine, contemporary, soft, considered. Silhouettes: soft dresses, easy knits, relaxed separates. Materials: viscose, cotton, knit. Palette: ecru, navy, soft tones, print.",0.321060,False,-0.000000
ER-316,MKI MIYUKI ZOKU,clothes,ios/BrandMoodboardFinder/BrandMoodboardFinder/BrandMoodboards/v2__clothes__mki_miyuki_zoku.jpg,False,"Aesthetic: MKI MIYUKI ZOKU clothing emphasizing contemporary British menswear, fabric and relaxed fit. Silhouettes: fully clothed adult looks: cropped leather racer jacket, boxy twisted-weave shirt, linen double-breasted suit with pleated wide trousers, garment-dyed nylon track set, hyperlight hooded jacket and a mohair-blend crewneck with wide-leg joggers. Materials: cotton, wool, denim, leather, knit and technical seasonal fabrics. Palette: black, mushroom, bone, charcoal, mint and deep olive with clean Leeds-studio light.",Add this brand and create a category-appropriate moodboard. catalog_added_and_generated,"MKI MIYUKI ZOKU clothing emphasizing contemporary British menswear, fabric and relaxed fit","fully clothed adult looks: cropped leather racer jacket, boxy twisted-weave shirt, linen double-breasted suit with pleated wide trousers, garment-dyed nylon track set, hyperlight hooded jacket and a mohair-blend crewneck with wide-leg joggers","cotton, wool, denim, leather, knit and technical seasonal fabrics","black, mushroom, bone, charcoal, mint and deep olive with clean Leeds-studio light",0.321070,0.250103,-0.070967,0.409938,0.383540,"Aesthetic: MKI MIYUKI ZOKU clothing emphasizing contemporary British menswear, fabric and relaxed fit. Silhouettes: fully clothed adult looks: cropped leather racer jacket, boxy twisted-weave shirt, linen double-breasted suit with pleated wide trousers, garment-dyed nylon track set, hyperlight hooded jacket and a mohair-blend crewneck with wide-leg joggers. Materials: cotton, wool, denim, leather, knit and technical seasonal fabrics. Palette: black, mushroom, bone, charcoal, mint and deep olive with clean Leeds-studio light.",0.321070,False,0.000000
ER-048,Homecore,clothes,ios/BrandMoodboardFinder/BrandMoodboardFinder/BrandMoodboards/v2__clothes__homecore.jpg,False,"Aesthetic: considered, easy, soft, utilitarian, refined-casual. Silhouettes: soft tailoring, easy shirting, relaxed knits. Materials: organic cotton, wool. Palette: navy, ecru, olive, grey.",Medium vibe. 2 items in all the collage photos. regenerated,"considered, easy, soft, utilitarian, refined-casual","soft tailoring, easy shirting, relaxed knits","organic cotton, wool","navy, ecru, olive, grey",0.321210,0.190863,-0.130346,0.413043,0.381522,"Aesthetic: considered, easy, soft, utilitarian, refined-casual. Silhouettes: soft tailoring, easy shirting, relaxed knits. Materials: organic cotton, wool. Palette: navy, ecru, olive, grey.",0.321210,False,-0.000000
ER-239,Celine,bags,ios/BrandMoodboardFinder/BrandMoodboardFinder/BrandMoodboards/v2__bags__celine.jpg,False,"Aesthetic: sleek, bourgeois, polished, minimal, refined. Silhouettes: structured totes, top-handle bags, shoulder bags, crossbodies. Materials: calfskin leather, suede, canvas, brass hardware. Palette: black, tan, cognac, cream.",Medium vibe. Not the most popular bags on the moodboard regenerated,"sleek, bourgeois, polished, minimal, refined","structured totes, top-handle bags, shoulder bags, crossbodies","calfskin leather, suede, canvas, brass hardware","black, tan, cognac, cream",0.321424,0.304701,-0.016723,0.416149,0.379503,"Aesthetic: sleek, bourgeois, polished, minimal, refined. Silhouettes: structured totes, top-handle bags, shoulder bags, crossbodies. Materials: calfskin leather, suede, canvas, brass hardware. Palette: black, tan, cognac, cream.",0.324181,False,-0.002757
ER-324,New Balance,clothes,ios/BrandMoodboardFinder/BrandMoodboardFinder/BrandMoodboards/v2__clothes__new_balance.jpg,False,"Aesthetic: New Balance apparel balancing performance and relaxed sportswear. Silhouettes: fully clothed adult looks: reflective RC running jacket with tights, Trackside woven jacket and pants, Made-in-USA core fleece hoodie look, quilted lifestyle bomber, basketball padded vest layered over a tee and woven cargo trousers with a clean sweatshirt. Materials: cotton, wool, denim, leather, knit and technical seasonal fabrics. Palette: navy, athletic grey, black, cherry red, sport green and cream.",Add this brand and create a category-appropriate moodboard. catalog_added_and_generated,New Balance apparel balancing performance and relaxed sportswear,"fully clothed adult looks: reflective RC running jacket with tights, Trackside woven jacket and pants, Made-in-USA core fleece hoodie look, quilted lifestyle bomber, basketball padded vest layered over a tee and woven cargo trousers with a clean sweatshirt","cotton, wool, denim, leather, knit and technical seasonal fabrics","navy, athletic grey, black, cherry red, sport green and cream",0.321586,0.246735,-0.074851,0.419255,0.377484,"Aesthetic: New Balance apparel balancing performance and relaxed sportswear. Silhouettes: fully clothed adult looks: reflective RC running jacket with tights, Trackside woven jacket and pants, Made-in-USA core fleece hoodie look, quilted lifestyle bomber, basketball padded vest layered over a tee and woven cargo trousers with a clean sweatshirt. Materials: cotton, wool, denim, leather, knit and technical seasonal fabrics. Palette: navy, athletic grey, black, cherry red, sport green and cream.",0.321586,False,0.000000
ER-163,Atoms,shoes,ios/BrandMoodboardFinder/BrandMoodboardFinder/BrandMoodboards/v2__shoes__atoms.jpg,False,"Aesthetic: minimal, comfort, clean, understated, modern. Silhouettes: loafers, ballet flats, sandals, ankle boots, clean sneakers. Materials: recycled materials, leather, knit. Palette: neutral tones, black, grey, beige.",Off vibe - wrong brand shoes. Atoms have a signature textile shoe that makes up 90% of their shop regenerated,"minimal, comfort, clean, understated, modern","loafers, ballet flats, sandals, ankle boots, clean sneakers","recycled materials, leather, knit","neutral tones, black, grey, beige",0.321891,0.285462,-0.036429,0.422360,0.375466,"Aesthetic: minimal, comfort, clean, understated, modern. Silhouettes: loafers, ballet flats, sandals, ankle boots, clean sneakers. Materials: recycled materials, leather, knit. Palette: neutral tones, black, grey, beige.",0.321891,False,0.000000
ER-275,A Bathing Ape,clothes,ios/BrandMoodboardFinder/BrandMoodboardFinder/BrandMoodboards/v2__clothes__a_bathing_ape.jpg,False,"Aesthetic: clothing-only for A Bathing Ape. Silhouettes: garments or fully clothed adult looks: a green ABC-camo shark hoodie with zip hood, a brown camo field jacket, a black varsity jacket, a bright graphic sweatshirt with no legible words, wide cargo trousers and a colour-block streetwear shell. Materials: cotton, wool, denim, leather, knit and technical seasonal fabrics. Palette: Tokyo streetwear energy, saturated green, brown, black, red and blue.",Add this brand and create a category-appropriate moodboard. catalog_added_and_generated,clothing-only for A Bathing Ape,"garments or fully clothed adult looks: a green ABC-camo shark hoodie with zip hood, a brown camo field jacket, a black varsity jacket, a bright graphic sweatshirt with no legible words, wide cargo trousers and a colour-block streetwear shell","cotton, wool, denim, leather, knit and technical seasonal fabrics","Tokyo streetwear energy, saturated green, brown, black, red and blue",0.322211,0.232610,-0.089601,0.425466,0.373447,"Aesthetic: clothing-only for A Bathing Ape. Silhouettes: garments or fully clothed adult looks: a green ABC-camo shark hoodie with zip hood, a brown camo field jacket, a black varsity jacket, a bright graphic sweatshirt with no legible words, wide cargo trousers and a colour-block streetwear shell. Materials: cotton, wool, denim, leather, knit and technical seasonal fabrics. Palette: Tokyo streetwear energy, saturated green, brown, black, red and blue.",0.322211,False,0.000000
ER-250,Deux Mains,bags,ios/BrandMoodboardFinder/BrandMoodboardFinder/BrandMoodboards/v2__bags__deux_mains.jpg,False,"Aesthetic: artisanal, sustainable, sun-warmed, ethical, easy. Silhouettes: woven sand­als-adjacent totes, leather carryalls, easy bags. Materials: upcycled leather, natural fibres. Palette: tan, natural, brights, black.","Close enough, but they have more te x tures now regenerated","artisanal, sustainable, sun-warmed, ethical, easy","woven sand­als-adjacent totes, leather carryalls, easy bags","upcycled leather, natural fibres","tan, natural, brights, black",0.322348,0.182477,-0.139871,0.428571,0.371429,"Aesthetic: artisanal, sustainable, sun-warmed, ethical, easy. Silhouettes: woven sand­als-adjacent totes, leather carryalls, easy bags. Materials: upcycled leather, natural fibres. Palette: tan, natural, brights, black.",0.322638,False,-0.000290
ER-340,Birkenstock,shoes,ios/BrandMoodboardFinder/BrandMoodboardFinder/BrandMoodboards/v2__shoes__birkenstock.jpg,False,"Aesthetic: product-only Birkenstock footwear with one complete single hero item per panel: tan two-strap Arizona, taupe suede Boston clog, black Gizeh thong sandal, red Madrid Big Buckle slide, dark-brown backstrap Tokio clog and white Bend Low sneaker. Silhouettes: Show the anatomical cork footbed clearly where appropriate and keep all six silhouettes distinct. Materials: leather, suede, canvas, mesh, rubber and technical textiles. Palette: brand-signature neutrals and seasonal colour accents.",Add this brand and create a category-appropriate moodboard. catalog_added_and_generated,"product-only Birkenstock footwear with one complete single hero item per panel: tan two-strap Arizona, taupe suede Boston clog, black Gizeh thong sandal, red Madrid Big Buckle slide, dark-brown backstrap Tokio clog and white Bend Low sneaker",Show the anatomical cork footbed clearly where appropriate and keep all six silhouettes distinct,"leather, suede, canvas, mesh, rubber and technical textiles",brand-signature neutrals and seasonal colour accents,0.322651,0.241231,-0.081420,0.434783,0.367391,"Aesthetic: product-only Birkenstock footwear with one complete single hero item per panel: tan two-strap Arizona, taupe suede Boston clog, black Gizeh thong sandal, red Madrid Big Buckle slide, dark-brown backstrap Tokio clog and white Bend Low sneaker. Silhouettes: Show the anatomical cork footbed clearly where appropriate and keep all six silhouettes distinct. Materials: leather, suede, canvas, mesh, rubber and technical textiles. Palette: brand-signature neutrals and seasonal colour accents.",0.322651,False,-0.000000
ER-098,Nour Hammour,clothes,ios/BrandMoodboardFinder/BrandMoodboardFinder/BrandMoodboards/v2__clothes__nour_hammour.jpg,False,"Aesthetic: leather-led, polished, glamorous, sharp, refined. Silhouettes: leather jackets, shearling coats, tailored leather pieces, bombers. Materials: leather, suede, shearling, wool. Palette: black, cognac, cream, chocolate.","2 items repeated in 3 times. Medium vibe 0 the brand is se x ier. leather, silk, fur and cashmere regenerated","leather-led, polished, glamorous, sharp, refined","leather jackets, shearling coats, tailored leather pieces, bombers","leather, suede, shearling, wool","black, cognac, cream, chocolate",0.322924,0.294092,-0.028833,0.437888,0.365373,"Aesthetic: leather-led, polished, glamorous, sharp, refined. Silhouettes: leather jackets, shearling coats, tailored leather pieces, bombers. Materials: leather, suede, shearling, wool. Palette: black, cognac, cream, chocolate.",0.322924,False,0.000000
ER-184,Cydwoq,shoes,ios/BrandMoodboardFinder/BrandMoodboardFinder/BrandMoodboards/v2__shoes__cydwoq.jpg,False,"Aesthetic: artisanal, sculptural, organic, considered, craft. Silhouettes: sculpted boots, architectural sandals, easy flats. Materials: vegetable-tanned leather. Palette: earth tones, brown, tan, black.","Words on the collage. close vibe, but swap the sandals regenerated","artisanal, sculptural, organic, considered, craft","sculpted boots, architectural sandals, easy flats",vegetable-tanned leather,"earth tones, brown, tan, black",0.323103,0.230221,-0.092882,0.440994,0.363354,"Aesthetic: artisanal, sculptural, organic, considered, craft. Silhouettes: sculpted boots, architectural sandals, easy flats. Materials: vegetable-tanned leather. Palette: earth tones, brown, tan, black.",0.323103,False,-0.000000
ER-011,Blaze Milano,clothes,ios/BrandMoodboardFinder/BrandMoodboardFinder/BrandMoodboards/v2__clothes__blaze_milano.jpg,False,"Aesthetic: refined, tailored, elegant, signature-blazer. Silhouettes: double-breasted blazers, sharp tailoring, easy trousers. Materials: wool, velvet, silk. Palette: navy, black, jewel tones, check.",2 double images. regenerated,"refined, tailored, elegant, signature-blazer","double-breasted blazers, sharp tailoring, easy trousers","wool, velvet, silk","navy, black, jewel tones, check",0.323120,0.221481,-0.101639,0.444099,0.361335,"Aesthetic: refined, tailored, elegant, signature-blazer. Silhouettes: double-breasted blazers, sharp tailoring, easy trousers. Materials: wool, velvet, silk. Palette: navy, black, jewel tones, check.",0.323120,False,-0.000000
ER-005,AMY LYNN,clothes,ios/BrandMoodboardFinder/BrandMoodboardFinder/BrandMoodboards/v2__clothes__amy_lynn.jpg,False,"Aesthetic: sophisticated, playful, contemporary, feminine, vintage-inspired. Silhouettes: midi dresses, balloon trousers, halter tops, co-ords. Materials: cotton, satin, lace, polka dot. Palette: jewel tones, pastels, monochrome check.",Off vibe. more youthful and hip. regenerated,"sophisticated, playful, contemporary, feminine, vintage-inspired","midi dresses, balloon trousers, halter tops, co-ords","cotton, satin, lace, polka dot","jewel tones, pastels, monochrome check",0.323356,0.199995,-0.123361,0.447205,0.359317,"Aesthetic: sophisticated, playful, contemporary, feminine, vintage-inspired. Silhouettes: midi dresses, balloon trousers, halter tops, co-ords. Materials: cotton, satin, lace, polka dot. Palette: jewel tones, pastels, monochrome check.",0.323356,False,-0.000000
ER-288,Canada Goose,clothes,ios/BrandMoodboardFinder/BrandMoodboardFinder/BrandMoodboards/v2__clothes__canada_goose.jpg,False,"Aesthetic: Canada Goose clothing focused on protective outerwear and modern layering. Silhouettes: fully clothed adult looks or garments: an expedition parka, lightweight down jacket, waterproof rain shell, HyBridge-style knit jacket, technical fleece and a clean windwear anorak. Materials: cotton, wool, denim, leather, knit and technical seasonal fabrics. Palette: black, snow white, navy, deep red and lichen green in cold urban and alpine light.",Add this brand and create a category-appropriate moodboard. catalog_added_and_generated,Canada Goose clothing focused on protective outerwear and modern layering,"fully clothed adult looks or garments: an expedition parka, lightweight down jacket, waterproof rain shell, HyBridge-style knit jacket, technical fleece and a clean windwear anorak","cotton, wool, denim, leather, knit and technical seasonal fabrics","black, snow white, navy, deep red and lichen green in cold urban and alpine light",0.323889,0.239977,-0.083911,0.450311,0.357298,"Aesthetic: Canada Goose clothing focused on protective outerwear and modern layering. Silhouettes: fully clothed adult looks or garments: an expedition parka, lightweight down jacket, waterproof rain shell, HyBridge-style knit jacket, technical fleece and a clean windwear anorak. Materials: cotton, wool, denim, leather, knit and technical seasonal fabrics. Palette: black, snow white, navy, deep red and lichen green in cold urban and alpine light.",0.323889,False,-0.000000
ER-056,Jonathan Simkhai,clothes,ios/BrandMoodboardFinder/BrandMoodboardFinder/BrandMoodboards/v2__clothes__jonathan_simkhai.jpg,False,"Aesthetic: modern, sensual, refined, sculptural, polished. Silhouettes: cut-out dresses, sculpted knits, sharp tailoring. Materials: knit, crepe, lace. Palette: ivory, black, neutral, soft tones.",Close vibe. 3 pairs of repeated images. middle close up off vibe. regenerated,"modern, sensual, refined, sculptural, polished","cut-out dresses, sculpted knits, sharp tailoring","knit, crepe, lace","ivory, black, neutral, soft tones",0.323889,0.197602,-0.126287,0.453416,0.355280,"Aesthetic: modern, sensual, refined, sculptural, polished. Silhouettes: cut-out dresses, sculpted knits, sharp tailoring. Materials: knit, crepe, lace. Palette: ivory, black, neutral, soft tones.",0.323889,False,0.000000
ER-258,J.Crew,bags,ios/BrandMoodboardFinder/BrandMoodboardFinder/BrandMoodboards/v2__bags__j_crew.jpg,False,"Aesthetic: preppy, classic, detail-oriented, crafted. Silhouettes: structured totes, top-handle bags, shoulder bags, crossbodies. Materials: calfskin leather, suede, canvas, brass hardware. Palette: black, tan, cognac, cream.","Medium vibe. more colourful, preppy. more variation within the brand. regenerated","preppy, classic, detail-oriented, crafted","structured totes, top-handle bags, shoulder bags, crossbodies","calfskin leather, suede, canvas, brass hardware","black, tan, cognac, cream",0.324081,0.244475,-0.079606,0.456522,0.353261,"Aesthetic: preppy, classic, detail-oriented, crafted. Silhouettes: structured totes, top-handle bags, shoulder bags, crossbodies. Materials: calfskin leather, suede, canvas, brass hardware. Palette: black, tan, cognac, cream.",0.324081,False,-0.000000
ER-157,Yohji Yamamoto,clothes,ios/BrandMoodboardFinder/BrandMoodboardFinder/BrandMoodboards/v2__clothes__yohji_yamamoto.jpg,False,"Aesthetic: avant-garde, poetic, oversized, deconstructed, dark. Silhouettes: draped oversized silhouettes, long coats, asymmetric layers, wide trousers. Materials: wool gabardine, cotton, jersey, leather. Palette: black, charcoal, ink, off-white.","close vibe, repeated image regenerated","avant-garde, poetic, oversized, deconstructed, dark","draped oversized silhouettes, long coats, asymmetric layers, wide trousers","wool gabardine, cotton, jersey, leather","black, charcoal, ink, off-white",0.324376,0.233097,-0.091279,0.459627,0.351242,"Aesthetic: avant-garde, poetic, oversized, deconstructed, dark. Silhouettes: draped oversized silhouettes, long coats, asymmetric layers, wide trousers. Materials: wool gabardine, cotton, jersey, leather. Palette: black, charcoal, ink, off-white.",0.324376,False,-0.000000
ER-072,Lutz Huelle,clothes,ios/BrandMoodboardFinder/BrandMoodboardFinder/BrandMoodboards/v2__clothes__lutz_huelle.jpg,False,"Aesthetic: deconstructed, polished, playful, oversized, directional. Silhouettes: hybrid jackets, oversized shirts, denim, draped dresses. Materials: denim, cotton, wool, technical fabrics. Palette: black, navy, white, bright accents.",2 pairs of the same item. Medium vibe. needs more colour and silhouette variation regenerated,"deconstructed, polished, playful, oversized, directional","hybrid jackets, oversized shirts, denim, draped dresses","denim, cotton, wool, technical fabrics","black, navy, white, bright accents",0.324424,0.203388,-0.121036,0.462733,0.349224,"Aesthetic: deconstructed, polished, playful, oversized, directional. Silhouettes: hybrid jackets, oversized shirts, denim, draped dresses. Materials: denim, cotton, wool, technical fabrics. Palette: black, navy, white, bright accents.",0.324424,False,0.000000
ER-181,Coperni,shoes,ios/BrandMoodboardFinder/BrandMoodboardFinder/BrandMoodboards/v2__shoes__coperni.jpg,False,"Aesthetic: futuristic, sleek, sculptural, sensual, high-shine. Silhouettes: cut-out slingbacks, wedge ankle boots, metallic pumps, transparent wedges, spiral sandals and aerodynamic flats. Materials: smooth leather, patent leather, mirrored metallic leather, transparent vinyl and technical mesh. Palette: black, white, silver, transparent crystal and signal red.",Off vibe completely. not sporty -. more fashion and trendy regenerated,"futuristic, sleek, sculptural, sensual, high-shine","cut-out slingbacks, wedge ankle boots, metallic pumps, transparent wedges, spiral sandals and aerodynamic flats","smooth leather, patent leather, mirrored metallic leather, transparent vinyl and technical mesh","black, white, silver, transparent crystal and signal red",0.324482,0.251424,-0.073058,0.465839,0.347205,"Aesthetic: futuristic, sleek, techno, minimal, practical. Silhouettes: technical sneakers, trail shoes, sport sandals, rugged boots. Materials: mesh, rubber, nylon, leather overlays. Palette: black, grey, white, bright accents.",0.264331,True,0.060151
ER-045,Hermès,clothes,ios/BrandMoodboardFinder/BrandMoodboardFinder/BrandMoodboards/v2__clothes__hermes.jpg,False,"Aesthetic: refined, equestrian, restrained refinement, crafted, timeless. Silhouettes: fluid tailoring, soft leather, easy separates. Materials: leather, cashmere, silk, fine wool. Palette: tan, ecru, orange accent, navy.",Same scarf 4 times. interior is a bit random too. regenerated,"refined, equestrian, restrained refinement, crafted, timeless","fluid tailoring, soft leather, easy separates","leather, cashmere, silk, fine wool","tan, ecru, orange accent, navy",0.324940,0.188405,-0.136535,0.468944,0.345186,"Aesthetic: refined, equestrian, restrained refinement, crafted, timeless. Silhouettes: fluid tailoring, soft leather, easy separates. Materials: leather, cashmere, silk, fine wool. Palette: tan, ecru, orange accent, navy.",0.324940,False,-0.000000
ER-223,Valentino,jewellery,ios/BrandMoodboardFinder/BrandMoodboardFinder/BrandMoodboards/v2__jewellery__valentino.jpg,False,"Aesthetic: romantic, polished, logo-led, modern, feminine. Silhouettes: VLogo earrings, slim cuffs, chain bracelets, heart charms and restrained pendant necklaces. Materials: gold-tone metal, enamel, crystals and leather details. Palette: gold, black, red, ivory and pale pink.","off vibe, the brand is less opulent and over the top. more logo elements. repeat image regenerated","romantic, polished, logo-led, modern, feminine","VLogo earrings, slim cuffs, chain bracelets, heart charms and restrained pendant necklaces","gold-tone metal, enamel, crystals and leather details","gold, black, red, ivory and pale pink",0.324990,0.244300,-0.080691,0.472050,0.343168,"Aesthetic: romantic, couture, bold-colour, refined, dramatic. Silhouettes: crystal earrings, cocktail rings, chokers, cuffs. Materials: crystals, gold-tone metal, silver-tone metal, pearls. Palette: gold, silver, pearl, jewel tones.",0.270139,True,0.054851
ER-311,Martine Rose,clothes,ios/BrandMoodboardFinder/BrandMoodboardFinder/BrandMoodboards/v2__clothes__martine_rose.jpg,False,"Aesthetic: Martine Rose clothing rooted in London subculture, warped proportions and football style. Silhouettes: fully clothed adult looks: oversized panelled football top, lace-trim football jersey layered over a tee, shrunken tailored jacket with wide trousers, twisted-sleeve sports top, oversized lime-striped polo and a red-yellow cut overshirt look. Materials: cotton, wool, denim, leather, knit and technical seasonal fabrics. Palette: navy, light blue, lime, black, burgundy and red with raw street-casting energy.",Add this brand and create a category-appropriate moodboard. catalog_added_and_generated,"Martine Rose clothing rooted in London subculture, warped proportions and football style","fully clothed adult looks: oversized panelled football top, lace-trim football jersey layered over a tee, shrunken tailored jacket with wide trousers, twisted-sleeve sports top, oversized lime-striped polo and a red-yellow cut overshirt look","cotton, wool, denim, leather, knit and technical seasonal fabrics","navy, light blue, lime, black, burgundy and red with raw street-casting energy",0.325372,0.236221,-0.089151,0.475155,0.341149,"Aesthetic: Martine Rose clothing rooted in London subculture, warped proportions and football style. Silhouettes: fully clothed adult looks: oversized panelled football top, lace-trim football jersey layered over a tee, shrunken tailored jacket with wide trousers, twisted-sleeve sports top, oversized lime-striped polo and a red-yellow cut overshirt look. Materials: cotton, wool, denim, leather, knit and technical seasonal fabrics. Palette: navy, light blue, lime, black, burgundy and red with raw street-casting energy.",0.325372,False,0.000000
ER-221,Tory Burch,jewellery,ios/BrandMoodboardFinder/BrandMoodboardFinder/BrandMoodboards/v2__jewellery__tory_burch.jpg,False,"Aesthetic: preppy-bohemian, polished, colourful, resort-aware, classic. Silhouettes: hoops, chains, signet rings, pearl earrings. Materials: gold, silver, pearls, semi-precious stones. Palette: gold, silver, pearl, warm neutrals.","off vibe, brand is less boho, logo elements regenerated","preppy-bohemian, polished, colourful, resort-aware, classic","hoops, chains, signet rings, pearl earrings","gold, silver, pearls, semi-precious stones","gold, silver, pearl, warm neutrals",0.325424,0.226516,-0.098908,0.478261,0.339130,"Aesthetic: preppy-bohemian, polished, colourful, resort-aware, classic. Silhouettes: hoops, chains, signet rings, pearl earrings. Materials: gold, silver, pearls, semi-precious stones. Palette: gold, silver, pearl, warm neutrals.",0.325424,False,0.000000
ER-305,Karl Lagerfeld,clothes,ios/BrandMoodboardFinder/BrandMoodboardFinder/BrandMoodboards/v2__clothes__karl_lagerfeld.jpg,False,"Aesthetic: KARL LAGERFELD clothing expressing monochrome Parisian tailoring with contemporary graphic edge. Silhouettes: fully clothed adult looks: sharp black double-breasted suit, white shirt with dramatic collar, black-and-white boucle jacket set, zip-detail tailored blazer, streamlined biker jacket look and a transformable sequin evening dress. Materials: cotton, wool, denim, leather, knit and technical seasonal fabrics. Palette: black, optic white, silver and one deep red accent.",Add this brand and create a category-appropriate moodboard. catalog_added_and_generated,KARL LAGERFELD clothing expressing monochrome Parisian tailoring with contemporary graphic edge,"fully clothed adult looks: sharp black double-breasted suit, white shirt with dramatic collar, black-and-white boucle jacket set, zip-detail tailored blazer, streamlined biker jacket look and a transformable sequin evening dress","cotton, wool, denim, leather, knit and technical seasonal fabrics","black, optic white, silver and one deep red accent",0.325569,0.261412,-0.064157,0.481366,0.337112,"Aesthetic: KARL LAGERFELD clothing expressing monochrome Parisian tailoring with contemporary graphic edge. Silhouettes: fully clothed adult looks: sharp black double-breasted suit, white shirt with dramatic collar, black-and-white boucle jacket set, zip-detail tailored blazer, streamlined biker jacket look and a transformable sequin evening dress. Materials: cotton, wool, denim, leather, knit and technical seasonal fabrics. Palette: black, optic white, silver and one deep red accent.",0.325569,False,-0.000000
ER-052,Jacquemus,clothes,ios/BrandMoodboardFinder/BrandMoodboardFinder/BrandMoodboards/v2__clothes__jacquemus.jpg,False,"Aesthetic: sunny, sensual, minimal-playful, sun-warmed, sculptural. Silhouettes: cropped tailoring, draped dresses, tiny bags, asymmetric cuts. Materials: cotton, linen, wool, leather. Palette: white, beige, terracotta, lilac, black.",Medium vibe. the bottom close ups off vibe. regenerated,"sunny, sensual, minimal-playful, sun-warmed, sculptural","cropped tailoring, draped dresses, tiny bags, asymmetric cuts","cotton, linen, wool, leather","white, beige, terracotta, lilac, black",0.325730,0.207880,-0.117850,0.484472,0.335093,"Aesthetic: sunny, sensual, minimal-playful, sun-warmed, sculptural. Silhouettes: cropped tailoring, draped dresses, tiny bags, asymmetric cuts. Materials: cotton, linen, wool, leather. Palette: white, beige, terracotta, lilac, black.",0.325730,False,0.000000
ER-169,Celine,shoes,ios/BrandMoodboardFinder/BrandMoodboardFinder/BrandMoodboards/v2__shoes__celine.jpg,False,"Aesthetic: sleek, bourgeois, polished, minimal, refined. Silhouettes: loafers, pumps, ankle boots, riding boots, sandals. Materials: leather, suede, rubber soles. Palette: black, brown, camel, cream.",Medium vibe. loafers and sandals off vibe. add more trainers regenerated,"sleek, bourgeois, polished, minimal, refined","loafers, pumps, ankle boots, riding boots, sandals","leather, suede, rubber soles","black, brown, camel, cream",0.326142,0.264840,-0.061302,0.487578,0.333075,"Aesthetic: sleek, bourgeois, polished, minimal, refined. Silhouettes: loafers, pumps, ankle boots, riding boots, sandals. Materials: leather, suede, rubber soles. Palette: black, brown, camel, cream.",0.326142,False,-0.000000
ER-154,Weekday,clothes,ios/BrandMoodboardFinder/BrandMoodboardFinder/BrandMoodboards/v2__clothes__weekday.jpg,False,"Aesthetic: urban, utilitarian, oversized, grungy, youthful. Silhouettes: cropped bombers, oversized knitwear, printed mesh tops, cargo skirts, wide trousers and relaxed denim. Materials: washed denim, technical nylon, wool knit, mesh and cotton twill. Palette: charcoal, black, olive, stone, washed grey and muted purple.","too many close ups, needs more casualwear regenerated","urban, utilitarian, oversized, grungy, youthful","cropped bombers, oversized knitwear, printed mesh tops, cargo skirts, wide trousers and relaxed denim","washed denim, technical nylon, wool knit, mesh and cotton twill","charcoal, black, olive, stone, washed grey and muted purple",0.326148,0.221279,-0.104868,0.490683,0.331056,"Aesthetic: minimal, denim-led, youthful, considered, easy. Silhouettes: straight denim, relaxed separates, simple knits. Materials: organic cotton denim, jersey. Palette: indigo, ecru, black, washed tones.",0.266033,True,0.060115
ER-022,Chanel,clothes,ios/BrandMoodboardFinder/BrandMoodboardFinder/BrandMoodboards/v2__clothes__chanel.jpg,False,"Aesthetic: signature, refined, ladylike, timeless, polished. Silhouettes: tweed jackets, boucle suiting, fluid dresses, quilted pieces. Materials: tweed, boucle, silk, jersey. Palette: black, white, beige, gold, pink.",2 of the same photos. and the jumper and dress close - ups have 0 brand vibe. More stripes coords with skirts textures needed regenerated,"signature, refined, ladylike, timeless, polished","tweed jackets, boucle suiting, fluid dresses, quilted pieces","tweed, boucle, silk, jersey","black, white, beige, gold, pink",0.326376,0.264959,-0.061417,0.493789,0.329037,"Aesthetic: signature, refined, ladylike, timeless, polished. Silhouettes: tweed jackets, boucle suiting, fluid dresses, quilted pieces. Materials: tweed, boucle, silk, jersey. Palette: black, white, beige, gold, pink.",0.326376,False,-0.000000
ER-130,Sister Jane,clothes,ios/BrandMoodboardFinder/BrandMoodboardFinder/BrandMoodboards/v2__clothes__sister_jane.jpg,False,"Aesthetic: romantic, whimsical, vintage, feminine, ornate. Silhouettes: tiered dresses, statement sleeves, print pieces. Materials: jacquard, lace, cotton. Palette: floral, pastel, jewel tones, ivory.",close vibe. repeated image + same item used in 2 images regenerated,"romantic, whimsical, vintage, feminine, ornate","tiered dresses, statement sleeves, print pieces","jacquard, lace, cotton","floral, pastel, jewel tones, ivory",0.326480,0.221311,-0.105169,0.496894,0.327019,"Aesthetic: romantic, whimsical, vintage, feminine, ornate. Silhouettes: tiered dresses, statement sleeves, print pieces. Materials: jacquard, lace, cotton. Palette: floral, pastel, jewel tones, ivory.",0.326480,False,0.000000
ER-301,Gucci,clothes,ios/BrandMoodboardFinder/BrandMoodboardFinder/BrandMoodboards/v2__clothes__gucci.jpg,False,"Aesthetic: Gucci ready-to-wear balancing Florentine archival codes with modern eclectic polish. Silhouettes: fully clothed adult looks: Horsebit silk-jacquard dress, GG-canvas jacket with midi skirt, printed silk shirt-and-trouser set, checked fine-wool skirt suit, 1970s velvet tailoring and a restrained green-red Web-trim knit look. Materials: cotton, wool, denim, leather, knit and technical seasonal fabrics. Palette: deep brown, oxblood, bottle green, cream, gold and controlled monogram.",Add this brand and create a category-appropriate moodboard. catalog_added_and_generated,Gucci ready-to-wear balancing Florentine archival codes with modern eclectic polish,"fully clothed adult looks: Horsebit silk-jacquard dress, GG-canvas jacket with midi skirt, printed silk shirt-and-trouser set, checked fine-wool skirt suit, 1970s velvet tailoring and a restrained green-red Web-trim knit look","cotton, wool, denim, leather, knit and technical seasonal fabrics","deep brown, oxblood, bottle green, cream, gold and controlled monogram",0.326687,0.237105,-0.089582,0.500000,0.325000,"Aesthetic: Gucci ready-to-wear balancing Florentine archival codes with modern eclectic polish. Silhouettes: fully clothed adult looks: Horsebit silk-jacquard dress, GG-canvas jacket with midi skirt, printed silk shirt-and-trouser set, checked fine-wool skirt suit, 1970s velvet tailoring and a restrained green-red Web-trim knit look. Materials: cotton, wool, denim, leather, knit and technical seasonal fabrics. Palette: deep brown, oxblood, bottle green, cream, gold and controlled monogram.",0.326687,False,-0.000000
ER-237,Brunello Cucinelli,bags,ios/BrandMoodboardFinder/BrandMoodboardFinder/BrandMoodboards/v2__bags__brunello_cucinelli.jpg,False,"Aesthetic: restrained refinement, relaxed, artisanal, elegant, tactile. Silhouettes: woven totes, bucket bags, raffia clutches, soft shoulder bags. Materials: raffia, straw, leather, cotton canvas, beads. Palette: natural straw, tan, cream, terracotta, black.",Off vibe. Too much straw and canvas? the brand is more suede and leather regenerated,"restrained refinement, relaxed, artisanal, elegant, tactile","woven totes, bucket bags, raffia clutches, soft shoulder bags","raffia, straw, leather, cotton canvas, beads","natural straw, tan, cream, terracotta, black",0.326783,0.272756,-0.054027,0.503106,0.322981,"Aesthetic: restrained refinement, relaxed, artisanal, elegant, tactile. Silhouettes: woven totes, bucket bags, raffia clutches, soft shoulder bags. Materials: raffia, straw, leather, cotton canvas, beads. Palette: natural straw, tan, cream, terracotta, black.",0.326783,False,0.000000
ER-118,Rich Mnisi,clothes,ios/BrandMoodboardFinder/BrandMoodboardFinder/BrandMoodboards/v2__clothes__rich_mnisi.jpg,False,"Aesthetic: bold, artful, graphic, sensual, vibrant. Silhouettes: sculptural dresses, print separates, fluid cuts. Materials: silk, jersey, knit. Palette: bold print, brights, black, earthy.",Close vibe. 3 of the same image regenerated,"bold, artful, graphic, sensual, vibrant","sculptural dresses, print separates, fluid cuts","silk, jersey, knit","bold print, brights, black, earthy",0.326886,0.200489,-0.126397,0.506211,0.320963,"Aesthetic: bold, artful, graphic, sensual, vibrant. Silhouettes: sculptural dresses, print separates, fluid cuts. Materials: silk, jersey, knit. Palette: bold print, brights, black, earthy.",0.326886,False,0.000000
ER-024,Christian Wijnants,clothes,ios/BrandMoodboardFinder/BrandMoodboardFinder/BrandMoodboards/v2__clothes__christian_wijnants.jpg,False,"Aesthetic: knitwear-led, artful, print, fluid, considered. Silhouettes: draped knits, print dresses, soft tailoring. Materials: merino, viscose, silk, jacquard. Palette: painterly print, earthy, brights, ecru.",3 pairs of the same images. Medium off vibe. the brand is more modern and stylish than in the collage regenerated,"knitwear-led, artful, print, fluid, considered","draped knits, print dresses, soft tailoring","merino, viscose, silk, jacquard","painterly print, earthy, brights, ecru",0.327385,0.240429,-0.086956,0.509317,0.318944,"Aesthetic: knitwear-led, artful, print, fluid, considered. Silhouettes: draped knits, print dresses, soft tailoring. Materials: merino, viscose, silk, jacquard. Palette: painterly print, earthy, brights, ecru.",0.327385,False,0.000000
ER-168,Cariuma,shoes,ios/BrandMoodboardFinder/BrandMoodboardFinder/BrandMoodboards/v2__shoes__cariuma.jpg,False,"Aesthetic: sustainable, retro-sneaker, casual, clean, easy. Silhouettes: low-top canvas sneakers, retro skate styles. Materials: organic cotton canvas, suede, natural rubber. Palette: off-white, black, brights, earthy.","Close vibe, too many close ups though regenerated","sustainable, retro-sneaker, casual, clean, easy","low-top canvas sneakers, retro skate styles","organic cotton canvas, suede, natural rubber","off-white, black, brights, earthy",0.328244,0.180919,-0.147325,0.512422,0.316925,"Aesthetic: sustainable, retro-sneaker, casual, clean, easy. Silhouettes: low-top canvas sneakers, retro skate styles. Materials: organic cotton canvas, suede, natural rubber. Palette: off-white, black, brights, earthy.",0.328244,False,0.000000
ER-188,Gray Matters,shoes,ios/BrandMoodboardFinder/BrandMoodboardFinder/BrandMoodboards/v2__shoes__gray_matters.jpg,False,"Aesthetic: minimal, sculptural, considered, comfort, artful. Silhouettes: sculpted-heel pumps, clean mules, easy flats. Materials: leather, suede. Palette: neutral tones, black, tan, soft.","repeated image. medium vibe, brand is more fun regenerated","minimal, sculptural, considered, comfort, artful","sculpted-heel pumps, clean mules, easy flats","leather, suede","neutral tones, black, tan, soft",0.328649,0.235403,-0.093246,0.515528,0.314907,"Aesthetic: minimal, sculptural, considered, comfort, artful. Silhouettes: sculpted-heel pumps, clean mules, easy flats. Materials: leather, suede. Palette: neutral tones, black, tan, soft.",0.328649,False,0.000000
ER-150,Twinset,clothes,ios/BrandMoodboardFinder/BrandMoodboardFinder/BrandMoodboards/v2__clothes__twinset.jpg,False,"Aesthetic: feminine, romantic, polished, soft, refined. Silhouettes: soft knits, lace-detail dresses, easy separates. Materials: wool, cotton, lace. Palette: ecru, black, soft tones, print.","close vibe, repeated image regenerated","feminine, romantic, polished, soft, refined","soft knits, lace-detail dresses, easy separates","wool, cotton, lace","ecru, black, soft tones, print",0.328799,0.205808,-0.122991,0.518634,0.312888,"Aesthetic: feminine, romantic, polished, soft, refined. Silhouettes: soft knits, lace-detail dresses, easy separates. Materials: wool, cotton, lace. Palette: ecru, black, soft tones, print.",0.328799,False,0.000000
ER-205,Shrimps,jewellery,ios/BrandMoodboardFinder/BrandMoodboardFinder/BrandMoodboards/v2__jewellery__shrimps.jpg,False,"Aesthetic: playful, whimsical, joyful, retro, ornamental. Silhouettes: charm necklaces, drop earrings, stacking rings, small hoops. Materials: gold-tone metal, silver-tone metal, pearls, enamel. Palette: gold, silver, pearl, blush, pastel accents.","medium vibe - mostly earrings, remove rings. golden earrings with blue - off vibe. regenerated","playful, whimsical, joyful, retro, ornamental","charm necklaces, drop earrings, stacking rings, small hoops","gold-tone metal, silver-tone metal, pearls, enamel","gold, silver, pearl, blush, pastel accents",0.329431,0.266437,-0.062994,0.521739,0.310870,"Aesthetic: playful, whimsical, joyful, retro, ornamental. Silhouettes: charm necklaces, drop earrings, stacking rings, small hoops. Materials: gold-tone metal, silver-tone metal, pearls, enamel. Palette: gold, silver, pearl, blush, pastel accents.",0.329431,False,0.000000
ER-182,Cordani,shoes,ios/BrandMoodboardFinder/BrandMoodboardFinder/BrandMoodboards/v2__shoes__cordani.jpg,False,"Aesthetic: refined, comfort, considered, easy, classic. Silhouettes: comfort heels, refined flats, easy boots. Materials: leather, suede. Palette: tan, black, brown, neutral.",words on the collage. close vibe. regenerated,"refined, comfort, considered, easy, classic","comfort heels, refined flats, easy boots","leather, suede","tan, black, brown, neutral",0.329438,0.174410,-0.155028,0.524845,0.308851,"Aesthetic: refined, comfort, considered, easy, classic. Silhouettes: comfort heels, refined flats, easy boots. Materials: leather, suede. Palette: tan, black, brown, neutral.",0.329438,False,-0.000000
ER-124,Sandy Liang,clothes,ios/BrandMoodboardFinder/BrandMoodboardFinder/BrandMoodboards/v2__clothes__sandy_liang.jpg,False,"Aesthetic: high-fashion girly, downtown, playful, nostalgic, polished. Silhouettes: bow dresses, pleated skirts, fitted cardigans, cropped jackets and feminine tailoring. Materials: satin, wool, cotton, lace, tweed and ribbon details. Palette: black, navy, cream, ballet pink, red and pale blue.","Medium vibe. more girly and playful. the interior and denim skirt off vibe, regenerated","high-fashion girly, downtown, playful, nostalgic, polished","bow dresses, pleated skirts, fitted cardigans, cropped jackets and feminine tailoring","satin, wool, cotton, lace, tweed and ribbon details","black, navy, cream, ballet pink, red and pale blue",0.329467,0.220249,-0.109218,0.527950,0.306832,"Aesthetic: playful, nostalgic, coquettish, downtown, sweet. Silhouettes: fleece outerwear, bow details, easy separates. Materials: fleece, cotton, knit. Palette: soft pastels, brights, black, print.",0.284373,True,0.045094
ER-342,Geox,shoes,ios/BrandMoodboardFinder/BrandMoodboardFinder/BrandMoodboards/v2__shoes__geox.jpg,False,"Aesthetic: practical, breathable, polished, versatile, comfort-led. Silhouettes: technical sneakers, waterproof ankle boots, pumps, slip-ons, runners and sport sandals. Materials: perforated leather, suede, breathable mesh, waterproof technical fabric and rubber soles. Palette: silver, navy, burgundy, cream, teal and coral.",The moodboard feels off-vibe; correct it against current Google and official imagery. catalog_added_and_generated,"practical, breathable, polished, versatile, comfort-led","technical sneakers, waterproof ankle boots, pumps, slip-ons, runners and sport sandals","perforated leather, suede, breathable mesh, waterproof technical fabric and rubber soles","silver, navy, burgundy, cream, teal and coral",0.329709,0.246921,-0.082788,0.531056,0.304814,"Aesthetic: product-only Geox footwear with one complete single hero shoe per panel: silver technical Spherica sneaker, navy Amphibiox waterproof ankle boot, burgundy Walk Pleasure pump, cream Nebula slip-on, teal Aerantis runner and coral Climasandal. Silhouettes: product-only Geox footwear with one complete single hero shoe per panel: silver technical Spherica sneaker, navy Amphibiox waterproof ankle boot, burgundy Walk Pleasure pump, cream Nebula slip-on, teal Aerantis runner and coral Climasandal. Materials: leather, suede, canvas, mesh, rubber and technical textiles. Palette: brand-signature neutrals and seasonal colour accents.",0.256502,True,0.073207
ER-246,Coperni,bags,ios/BrandMoodboardFinder/BrandMoodboardFinder/BrandMoodboards/v2__bags__coperni.jpg,False,"Aesthetic: futuristic, architectural, sleek, iconic, minimal. Silhouettes: Swipe bags, glass-effect bags, compact top handles, curved shoulder bags and sculptural totes. Materials: smooth leather, metallic leather, transparent acrylic and polished metal hardware. Palette: black, white, silver, transparent and saturated accent colour.",Medium vibe. could be more iconic bags. the tote is twice and it’s not coperni vibes. regenerated,"futuristic, architectural, sleek, iconic, minimal","Swipe bags, glass-effect bags, compact top handles, curved shoulder bags and sculptural totes","smooth leather, metallic leather, transparent acrylic and polished metal hardware","black, white, silver, transparent and saturated accent colour",0.329759,0.255289,-0.074471,0.534161,0.302795,"Aesthetic: futuristic, sleek, techno, minimal, conceptual. Silhouettes: shoulder bags, compact crossbodies, structured totes, soft pouches. Materials: leather, suede, canvas, woven fibres, metal hardware. Palette: black, grey, silver, white.",0.282792,True,0.046967
ER-099,Nude Lucy,clothes,ios/BrandMoodboardFinder/BrandMoodboardFinder/BrandMoodboards/v2__clothes__nude_lucy.jpg,False,"Aesthetic: soft, easy, relaxed, minimal, everyday. Silhouettes: soft basics, easy knits, relaxed separates. Materials: cotton, modal, jersey. Palette: ecru, washed tones, black, sand.",repeated images. medium vibe - needs to be less homewear vibe. regenerated,"soft, easy, relaxed, minimal, everyday","soft basics, easy knits, relaxed separates","cotton, modal, jersey","ecru, washed tones, black, sand",0.329819,0.271508,-0.058311,0.537267,0.300776,"Aesthetic: soft, easy, relaxed, minimal, everyday. Silhouettes: soft basics, easy knits, relaxed separates. Materials: cotton, modal, jersey. Palette: ecru, washed tones, black, sand.",0.329819,False,-0.000000
ER-278,Arket,clothes,ios/BrandMoodboardFinder/BrandMoodboardFinder/BrandMoodboards/v2__clothes__arket.jpg,False,"Aesthetic: Create a restrained vertical six-panel ARKET clothing expressing modern Nordic everyday design. Silhouettes: adult looks or garments: long wool coat, brushed knit, crisp poplin shirt, relaxed denim, utility overshirt and soft unstructured tailoring. Materials: cotton, wool, denim, leather, knit and technical seasonal fabrics. Palette: charcoal, navy, oatmeal, pale blue, olive and one rust accent with natural paper and Scandinavian architectural light.",Add this brand and create a category-appropriate moodboard. catalog_added_and_generated,Create a restrained vertical six-panel ARKET clothing expressing modern Nordic everyday design,"adult looks or garments: long wool coat, brushed knit, crisp poplin shirt, relaxed denim, utility overshirt and soft unstructured tailoring","cotton, wool, denim, leather, knit and technical seasonal fabrics","charcoal, navy, oatmeal, pale blue, olive and one rust accent with natural paper and Scandinavian architectural light",0.329843,0.242430,-0.087413,0.540373,0.298758,"Aesthetic: Create a restrained vertical six-panel ARKET clothing expressing modern Nordic everyday design. Silhouettes: adult looks or garments: long wool coat, brushed knit, crisp poplin shirt, relaxed denim, utility overshirt and soft unstructured tailoring. Materials: cotton, wool, denim, leather, knit and technical seasonal fabrics. Palette: charcoal, navy, oatmeal, pale blue, olive and one rust accent with natural paper and Scandinavian architectural light.",0.329843,False,0.000000
ER-344,Church's,shoes,ios/BrandMoodboardFinder/BrandMoodboardFinder/BrandMoodboards/v2__shoes__church_s.jpg,False,"Aesthetic: product-only Church's footwear with one complete single hero shoe per panel: polished black Consul Oxford, oxblood Shannon wholecut Derby, tan Diplomat half-brogue Oxford, walnut Chetwynd full-brogue Oxford, forest-green suede Pembrey loafer and dark-brown Amberley Chelsea boot. Silhouettes: product-only Church's footwear with one complete single hero shoe per panel: polished black Consul Oxford, oxblood Shannon wholecut Derby, tan Diplomat half-brogue Oxford, walnut Chetwynd full-brogue Oxford, forest-green suede Pembrey loafer and dark-brown Amberley Chelsea boot. Materials: leather, suede, canvas, mesh, rubber and technical textiles. Palette: brand-signature neutrals and seasonal colour accents.",Add this brand and create a category-appropriate moodboard. catalog_added_and_generated,"product-only Church's footwear with one complete single hero shoe per panel: polished black Consul Oxford, oxblood Shannon wholecut Derby, tan Diplomat half-brogue Oxford, walnut Chetwynd full-brogue Oxford, forest-green suede Pembrey loafer and dark-brown Amberley Chelsea boot","product-only Church's footwear with one complete single hero shoe per panel: polished black Consul Oxford, oxblood Shannon wholecut Derby, tan Diplomat half-brogue Oxford, walnut Chetwynd full-brogue Oxford, forest-green suede Pembrey loafer and dark-brown Amberley Chelsea boot","leather, suede, canvas, mesh, rubber and technical textiles",brand-signature neutrals and seasonal colour accents,0.330006,0.233405,-0.096601,0.543478,0.296739,"Aesthetic: product-only Church's footwear with one complete single hero shoe per panel: polished black Consul Oxford, oxblood Shannon wholecut Derby, tan Diplomat half-brogue Oxford, walnut Chetwynd full-brogue Oxford, forest-green suede Pembrey loafer and dark-brown Amberley Chelsea boot. Silhouettes: product-only Church's footwear with one complete single hero shoe per panel: polished black Consul Oxford, oxblood Shannon wholecut Derby, tan Diplomat half-brogue Oxford, walnut Chetwynd full-brogue Oxford, forest-green suede Pembrey loafer and dark-brown Amberley Chelsea boot. Materials: leather, suede, canvas, mesh, rubber and technical textiles. Palette: brand-signature neutrals and seasonal colour accents.",0.330006,False,0.000000
ER-346,Crocs,shoes,ios/BrandMoodboardFinder/BrandMoodboardFinder/BrandMoodboards/v2__shoes__crocs.jpg,False,"Aesthetic: product-only Crocs footwear with one complete single hero shoe per panel: cobalt Classic Clog with ventilation holes and pivoting heel strap, bone sculptural Echo II clog, cherry-red Dylan Platform Clog, pale-lilac Mellow 2 Recovery slide, black Brooklyn Low Wedge Sandal and white On The Clock Work Slip-On. Silhouettes: product-only Crocs footwear with one complete single hero shoe per panel: cobalt Classic Clog with ventilation holes and pivoting heel strap, bone sculptural Echo II clog, cherry-red Dylan Platform Clog, pale-lilac Mellow 2 Recovery slide, black Brooklyn Low Wedge Sandal and white On The Clock Work Slip-On. Materials: leather, suede, canvas, mesh, rubber and technical textiles. Palette: brand-signature neutrals and seasonal colour accents.",Add this brand and create a category-appropriate moodboard. catalog_added_and_generated,"product-only Crocs footwear with one complete single hero shoe per panel: cobalt Classic Clog with ventilation holes and pivoting heel strap, bone sculptural Echo II clog, cherry-red Dylan Platform Clog, pale-lilac Mellow 2 Recovery slide, black Brooklyn Low Wedge Sandal and white On The Clock Work Slip-On","product-only Crocs footwear with one complete single hero shoe per panel: cobalt Classic Clog with ventilation holes and pivoting heel strap, bone sculptural Echo II clog, cherry-red Dylan Platform Clog, pale-lilac Mellow 2 Recovery slide, black Brooklyn Low Wedge Sandal and white On The Clock Work Slip-On","leather, suede, canvas, mesh, rubber and technical textiles",brand-signature neutrals and seasonal colour accents,0.330031,0.254937,-0.075094,0.546584,0.294720,"Aesthetic: product-only Crocs footwear with one complete single hero shoe per panel: cobalt Classic Clog with ventilation holes and pivoting heel strap, bone sculptural Echo II clog, cherry-red Dylan Platform Clog, pale-lilac Mellow 2 Recovery slide, black Brooklyn Low Wedge Sandal and white On The Clock Work Slip-On. Silhouettes: product-only Crocs footwear with one complete single hero shoe per panel: cobalt Classic Clog with ventilation holes and pivoting heel strap, bone sculptural Echo II clog, cherry-red Dylan Platform Clog, pale-lilac Mellow 2 Recovery slide, black Brooklyn Low Wedge Sandal and white On The Clock Work Slip-On. Materials: leather, suede, canvas, mesh, rubber and technical textiles. Palette: brand-signature neutrals and seasonal colour accents.",0.330031,False,0.000000
ER-293,Diesel,clothes,ios/BrandMoodboardFinder/BrandMoodboardFinder/BrandMoodboards/v2__clothes__diesel.jpg,False,"Aesthetic: Diesel clothing centered on rebellious Italian denim innovation. Silhouettes: fully clothed adult looks or garments: extra-wide low-rise jeans, barrel-leg jeans, cropped trucker jacket, microstone devore denim dress, cable-knit-effect denim jacket and a clean black moto-denim look. Materials: cotton, wool, denim, leather, knit and technical seasonal fabrics. Palette: indigo, acid-wash blue, dirty black, rust and one red accent with tactile abrasion and ironic editorial polish.",The moodboard is too denim-only; include the broader current clothing range and correct the vibe. catalog_added_and_generated,Diesel clothing centered on rebellious Italian denim innovation,"fully clothed adult looks or garments: extra-wide low-rise jeans, barrel-leg jeans, cropped trucker jacket, microstone devore denim dress, cable-knit-effect denim jacket and a clean black moto-denim look","cotton, wool, denim, leather, knit and technical seasonal fabrics","indigo, acid-wash blue, dirty black, rust and one red accent with tactile abrasion and ironic editorial polish",0.330105,0.301320,-0.028786,0.549689,0.292702,"Aesthetic: Diesel clothing centered on rebellious Italian denim innovation. Silhouettes: fully clothed adult looks or garments: extra-wide low-rise jeans, barrel-leg jeans, cropped trucker jacket, microstone devore denim dress, cable-knit-effect denim jacket and a clean black moto-denim look. Materials: cotton, wool, denim, leather, knit and technical seasonal fabrics. Palette: indigo, acid-wash blue, dirty black, rust and one red accent with tactile abrasion and ironic editorial polish.",0.330105,False,0.000000
ER-096,Norma Kamali,clothes,ios/BrandMoodboardFinder/BrandMoodboardFinder/BrandMoodboards/v2__clothes__norma_kamali.jpg,False,"Aesthetic: sculptural, timeless, sensual, draped, bold. Silhouettes: draped jersey dresses, sculpted swimwear, statement cuts. Materials: jersey, technical fabrics. Palette: black, red, ivory, bold.",2 pairs of repeated image s Close vibe regenerated,"sculptural, timeless, sensual, draped, bold","draped jersey dresses, sculpted swimwear, statement cuts","jersey, technical fabrics","black, red, ivory, bold",0.330128,0.210530,-0.119599,0.552795,0.290683,"Aesthetic: sculptural, timeless, sensual, draped, bold. Silhouettes: draped jersey dresses, sculpted swimwear, statement cuts. Materials: jersey, technical fabrics. Palette: black, red, ivory, bold.",0.330128,False,0.000000
ER-039,French Connection,clothes,ios/BrandMoodboardFinder/BrandMoodboardFinder/BrandMoodboards/v2__clothes__french_connection.jpg,False,"Aesthetic: contemporary, easy, casual, polished, approachable. Silhouettes: easy dresses, soft tailoring, knit separates. Materials: cotton, viscose, wool. Palette: navy, ecru, black, brights.",Only women - can add men? one repeated image regenerated,"contemporary, easy, casual, polished, approachable","easy dresses, soft tailoring, knit separates","cotton, viscose, wool","navy, ecru, black, brights",0.330210,0.230758,-0.099453,0.555901,0.288665,"Aesthetic: contemporary, easy, casual, polished, approachable. Silhouettes: easy dresses, soft tailoring, knit separates. Materials: cotton, viscose, wool. Palette: navy, ecru, black, brights.",0.330210,False,0.000000
ER-317,Moncler,clothes,ios/BrandMoodboardFinder/BrandMoodboardFinder/BrandMoodboards/v2__clothes__moncler.jpg,False,"Aesthetic: Moncler clothing balancing refined city down with Grenoble alpine performance. Silhouettes: fully clothed adult looks or garments: glossy short Maya-style puffer, colour-block Grenoble ski shell with technical bib trousers, lightweight quilted field jacket, down-front knit cardigan, long belted down coat and a clean waterproof hooded shell. Materials: cotton, wool, denim, leather, knit and technical seasonal fabrics. Palette: black, optical white, navy, lacquer red and one ice-blue accent in crisp mountain and studio light.",Add this brand and create a category-appropriate moodboard. catalog_added_and_generated,Moncler clothing balancing refined city down with Grenoble alpine performance,"fully clothed adult looks or garments: glossy short Maya-style puffer, colour-block Grenoble ski shell with technical bib trousers, lightweight quilted field jacket, down-front knit cardigan, long belted down coat and a clean waterproof hooded shell","cotton, wool, denim, leather, knit and technical seasonal fabrics","black, optical white, navy, lacquer red and one ice-blue accent in crisp mountain and studio light",0.330458,0.252007,-0.078452,0.559006,0.286646,"Aesthetic: Moncler clothing balancing refined city down with Grenoble alpine performance. Silhouettes: fully clothed adult looks or garments: glossy short Maya-style puffer, colour-block Grenoble ski shell with technical bib trousers, lightweight quilted field jacket, down-front knit cardigan, long belted down coat and a clean waterproof hooded shell. Materials: cotton, wool, denim, leather, knit and technical seasonal fabrics. Palette: black, optical white, navy, lacquer red and one ice-blue accent in crisp mountain and studio light.",0.330458,False,0.000000
ER-108,PANGAIA,clothes,ios/BrandMoodboardFinder/BrandMoodboardFinder/BrandMoodboards/v2__clothes__pangaia.jpg,False,"Aesthetic: sustainable, science-led, minimal, utilitarian, contemporary. Silhouettes: relaxed hoodies, track pants, tees, easy layers. Materials: organic cotton, recycled fibres, bio-based materials. Palette: sand, sage, black, lilac, off-white.","Medium vibe - needs to have more colours and co-ords, maybe sportswear. swap the close up of dirty fabric. it ’ s earthy, but in a more green way regenerated","sustainable, science-led, minimal, utilitarian, contemporary","relaxed hoodies, track pants, tees, easy layers","organic cotton, recycled fibres, bio-based materials","sand, sage, black, lilac, off-white",0.331241,0.291430,-0.039810,0.562112,0.284627,"Aesthetic: sustainable, science-led, minimal, utilitarian, contemporary. Silhouettes: relaxed hoodies, track pants, tees, easy layers. Materials: organic cotton, recycled fibres, bio-based materials. Palette: sand, sage, black, lilac, off-white.",0.331241,False,-0.000000
ER-187,Ganni,shoes,ios/BrandMoodboardFinder/BrandMoodboardFinder/BrandMoodboards/v2__shoes__ganni.jpg,False,"Aesthetic: playful, minimal, chunky, trend-led, casual. Silhouettes: western boots, chunky loafers, ballet flats, sandals, sneakers. Materials: leather, recycled rubber, canvas, satin. Palette: black, silver, leopard, red, cream.",Medium vibe. words on the collage. other brand stuff on teh collage. more laced stuff regenerated,"playful, minimal, chunky, trend-led, casual","western boots, chunky loafers, ballet flats, sandals, sneakers","leather, recycled rubber, canvas, satin","black, silver, leopard, red, cream",0.331590,0.263306,-0.068284,0.565217,0.282609,"Aesthetic: playful, minimal, chunky, trend-led, casual. Silhouettes: western boots, chunky loafers, ballet flats, sandals, sneakers. Materials: leather, recycled rubber, canvas, satin. Palette: black, silver, leopard, red, cream.",0.331590,False,-0.000000
ER-359,YVMIN,jewellery,ios/BrandMoodboardFinder/BrandMoodboardFinder/BrandMoodboards/v2__jewellery__yvmin.jpg,False,"Aesthetic: YVMIN jewellery with exactly one different surreal hero piece per panel: gradient strawberry pavé earring, sculptural apple-core earring, split-cat mother-of-pearl studs, pearl bow-tassel earrings, colourful crystal heart-with-skirt ring and shell-coin double-sided ring. Silhouettes: YVMIN jewellery with exactly one different surreal hero piece per panel: gradient strawberry pavé earring, sculptural apple-core earring, split-cat mother-of-pearl studs, pearl bow-tassel earrings, colourful crystal heart-with-skirt ring and shell-coin double-sided ring. Materials: gold, silver, enamel, pearls, crystals and gemstones. Palette: brand-signature neutrals and seasonal colour accents.",Add this brand and create a category-appropriate moodboard. catalog_added_and_generated,"YVMIN jewellery with exactly one different surreal hero piece per panel: gradient strawberry pavé earring, sculptural apple-core earring, split-cat mother-of-pearl studs, pearl bow-tassel earrings, colourful crystal heart-with-skirt ring and shell-coin double-sided ring","YVMIN jewellery with exactly one different surreal hero piece per panel: gradient strawberry pavé earring, sculptural apple-core earring, split-cat mother-of-pearl studs, pearl bow-tassel earrings, colourful crystal heart-with-skirt ring and shell-coin double-sided ring","gold, silver, enamel, pearls, crystals and gemstones",brand-signature neutrals and seasonal colour accents,0.331875,0.272370,-0.059505,0.568323,0.280590,"Aesthetic: YVMIN jewellery with exactly one different surreal hero piece per panel: gradient strawberry pavé earring, sculptural apple-core earring, split-cat mother-of-pearl studs, pearl bow-tassel earrings, colourful crystal heart-with-skirt ring and shell-coin double-sided ring. Silhouettes: YVMIN jewellery with exactly one different surreal hero piece per panel: gradient strawberry pavé earring, sculptural apple-core earring, split-cat mother-of-pearl studs, pearl bow-tassel earrings, colourful crystal heart-with-skirt ring and shell-coin double-sided ring. Materials: gold, silver, enamel, pearls, crystals and gemstones. Palette: brand-signature neutrals and seasonal colour accents.",0.331875,False,0.000000
ER-297,GAP,clothes,ios/BrandMoodboardFinder/BrandMoodboardFinder/BrandMoodboards/v2__clothes__gap.jpg,False,"Aesthetic: Gap clothing expressing democratic American casual classics. Silhouettes: fully clothed adult looks or garments: relaxed 90s loose jeans, modern khakis with Oxford shirt, Vintage Soft hoodie, denim utility overshirt, cable-knit crewneck and a clean wool car coat. Materials: cotton, wool, denim, leather, knit and technical seasonal fabrics. Palette: mid-blue denim, white, navy, heather grey, khaki and red with natural daylight and inclusive everyday casting.",Add this brand and create a category-appropriate moodboard. catalog_added_and_generated,Gap clothing expressing democratic American casual classics,"fully clothed adult looks or garments: relaxed 90s loose jeans, modern khakis with Oxford shirt, Vintage Soft hoodie, denim utility overshirt, cable-knit crewneck and a clean wool car coat","cotton, wool, denim, leather, knit and technical seasonal fabrics","mid-blue denim, white, navy, heather grey, khaki and red with natural daylight and inclusive everyday casting",0.331880,0.230562,-0.101318,0.571429,0.278571,"Aesthetic: Gap clothing expressing democratic American casual classics. Silhouettes: fully clothed adult looks or garments: relaxed 90s loose jeans, modern khakis with Oxford shirt, Vintage Soft hoodie, denim utility overshirt, cable-knit crewneck and a clean wool car coat. Materials: cotton, wool, denim, leather, knit and technical seasonal fabrics. Palette: mid-blue denim, white, navy, heather grey, khaki and red with natural daylight and inclusive everyday casting.",0.331880,False,-0.000000
ER-286,Burberry,clothes,ios/BrandMoodboardFinder/BrandMoodboardFinder/BrandMoodboards/v2__clothes__burberry.jpg,False,"Aesthetic: Burberry clothing balancing British heritage and modern London edge. Silhouettes: fully clothed adult looks or garments: honey gabardine trench, check-lined raincoat, sharp black tailoring, tartan wool skirt look, cavalry-inspired coat and a contemporary draped knit. Materials: cotton, wool, denim, leather, knit and technical seasonal fabrics. Palette: honey, black, red, cream and controlled Burberry-style check.",Add this brand and create a category-appropriate moodboard. catalog_added_and_generated,Burberry clothing balancing British heritage and modern London edge,"fully clothed adult looks or garments: honey gabardine trench, check-lined raincoat, sharp black tailoring, tartan wool skirt look, cavalry-inspired coat and a contemporary draped knit","cotton, wool, denim, leather, knit and technical seasonal fabrics","honey, black, red, cream and controlled Burberry-style check",0.331892,0.244388,-0.087504,0.574534,0.276553,"Aesthetic: Burberry clothing balancing British heritage and modern London edge. Silhouettes: fully clothed adult looks or garments: honey gabardine trench, check-lined raincoat, sharp black tailoring, tartan wool skirt look, cavalry-inspired coat and a contemporary draped knit. Materials: cotton, wool, denim, leather, knit and technical seasonal fabrics. Palette: honey, black, red, cream and controlled Burberry-style check.",0.331892,False,0.000000
ER-161,Amina Muaddi,shoes,ios/BrandMoodboardFinder/BrandMoodboardFinder/BrandMoodboards/v2__shoes__amina_muaddi.jpg,False,"Aesthetic: glamorous, sculptural, bold, sensual, statement. Silhouettes: flared-heel pumps, embellished sandals, sculpted heels. Materials: satin, leather, crystal. Palette: black, jewel tones, metallic, nude.","Close vibe, one image is blurry regenerated","glamorous, sculptural, bold, sensual, statement","flared-heel pumps, embellished sandals, sculpted heels","satin, leather, crystal","black, jewel tones, metallic, nude",0.332140,0.197325,-0.134815,0.577640,0.274534,"Aesthetic: glamorous, sculptural, bold, sensual, statement. Silhouettes: flared-heel pumps, embellished sandals, sculpted heels. Materials: satin, leather, crystal. Palette: black, jewel tones, metallic, nude.",0.332140,False,-0.000000
ER-145,Thebe Magugu,clothes,ios/BrandMoodboardFinder/BrandMoodboardFinder/BrandMoodboards/v2__clothes__thebe_magugu.jpg,False,"Aesthetic: artful, graphic, narrative, refined, bold. Silhouettes: sharp tailoring, print dresses, structured cuts. Materials: wool, cotton, silk. Palette: graphic print, earthy, black, brights.","close vibe, but same 3 items used across the whole collage regenerated","artful, graphic, narrative, refined, bold","sharp tailoring, print dresses, structured cuts","wool, cotton, silk","graphic print, earthy, black, brights",0.332502,0.258702,-0.073800,0.580745,0.272516,"Aesthetic: artful, graphic, narrative, refined, bold. Silhouettes: sharp tailoring, print dresses, structured cuts. Materials: wool, cotton, silk. Palette: graphic print, earthy, black, brights.",0.332502,False,0.000000
ER-349,Converse,shoes,ios/BrandMoodboardFinder/BrandMoodboardFinder/BrandMoodboards/v2__shoes__converse.jpg,False,"Aesthetic: product-only Converse footwear with one complete single hero shoe per panel: black Chuck Taylor All Star high-top, parchment Chuck 70 low-top, red suede One Star Pro, white-green leather Weapon low-top, black Run Star Hike platform high-top and cobalt AS-1 Pro skate shoe. Silhouettes: product-only Converse footwear with one complete single hero shoe per panel: black Chuck Taylor All Star high-top, parchment Chuck 70 low-top, red suede One Star Pro, white-green leather Weapon low-top, black Run Star Hike platform high-top and cobalt AS-1 Pro skate shoe. Materials: leather, suede, canvas, mesh, rubber and technical textiles. Palette: brand-signature neutrals and seasonal colour accents.",Add this brand and create a category-appropriate moodboard. catalog_added_and_generated,"product-only Converse footwear with one complete single hero shoe per panel: black Chuck Taylor All Star high-top, parchment Chuck 70 low-top, red suede One Star Pro, white-green leather Weapon low-top, black Run Star Hike platform high-top and cobalt AS-1 Pro skate shoe","product-only Converse footwear with one complete single hero shoe per panel: black Chuck Taylor All Star high-top, parchment Chuck 70 low-top, red suede One Star Pro, white-green leather Weapon low-top, black Run Star Hike platform high-top and cobalt AS-1 Pro skate shoe","leather, suede, canvas, mesh, rubber and technical textiles",brand-signature neutrals and seasonal colour accents,0.332664,0.251356,-0.081307,0.583851,0.270497,"Aesthetic: product-only Converse footwear with one complete single hero shoe per panel: black Chuck Taylor All Star high-top, parchment Chuck 70 low-top, red suede One Star Pro, white-green leather Weapon low-top, black Run Star Hike platform high-top and cobalt AS-1 Pro skate shoe. Silhouettes: product-only Converse footwear with one complete single hero shoe per panel: black Chuck Taylor All Star high-top, parchment Chuck 70 low-top, red suede One Star Pro, white-green leather Weapon low-top, black Run Star Hike platform high-top and cobalt AS-1 Pro skate shoe. Materials: leather, suede, canvas, mesh, rubber and technical textiles. Palette: brand-signature neutrals and seasonal colour accents.",0.332664,False,-0.000000
ER-104,Organic Basics,clothes,ios/BrandMoodboardFinder/BrandMoodboardFinder/BrandMoodboards/v2__clothes__organic_basics.jpg,False,"Aesthetic: sustainable, minimal, functional, understated, essential. Silhouettes: basic tees, underwear, easy knits, simple layers. Materials: organic cotton, recycled nylon, Tencel. Palette: black, white, grey, navy, earth tones.","close vibe, 2 pairs of repeated images regenerated","sustainable, minimal, functional, understated, essential","basic tees, underwear, easy knits, simple layers","organic cotton, recycled nylon, Tencel","black, white, grey, navy, earth tones",0.332847,0.215975,-0.116872,0.586957,0.268478,"Aesthetic: sustainable, minimal, functional, understated, essential. Silhouettes: basic tees, underwear, easy knits, simple layers. Materials: organic cotton, recycled nylon, Tencel. Palette: black, white, grey, navy, earth tones.",0.332847,False,-0.000000
ER-135,ST.AGNI,clothes,ios/BrandMoodboardFinder/BrandMoodboardFinder/BrandMoodboards/v2__clothes__st_agni.jpg,False,"Aesthetic: minimal, considered, sculptural, refined, warm. Silhouettes: clean tailoring, fluid separates, easy dresses. Materials: leather, linen, wool. Palette: tan, ecru, black, chocolate.",Bad collage - too many vague close up. more texture and layering of ‘ basic ’ styles regenerated,"minimal, considered, sculptural, refined, warm","clean tailoring, fluid separates, easy dresses","leather, linen, wool","tan, ecru, black, chocolate",0.332857,0.252000,-0.080858,0.590062,0.266460,"Aesthetic: minimal, considered, sculptural, refined, warm. Silhouettes: clean tailoring, fluid separates, easy dresses. Materials: leather, linen, wool. Palette: tan, ecru, black, chocolate.",0.332857,False,0.000000
ER-362,Nike,shoes,ios/BrandMoodboardFinder/BrandMoodboardFinder/BrandMoodboards/v2__shoes__nike.jpg,False,"Aesthetic: performance, iconic, experimental, street-sport, technical. Silhouettes: visible-air sneakers, road runners, retro court shoes, basketball shoes, ACG trail shoes and experimental trainers. Materials: engineered mesh, leather, suede, foam, rubber and technical synthetics. Palette: black, white, silver, volt, orange and bold team colour.","Add a separate shoe moodboard because footwear is a core, visually distinct part of this brand's current assortment. catalog_added_and_generated","performance, iconic, experimental, street-sport, technical","visible-air sneakers, road runners, retro court shoes, basketball shoes, ACG trail shoes and experimental trainers","engineered mesh, leather, suede, foam, rubber and technical synthetics","black, white, silver, volt, orange and bold team colour",0.332899,0.305200,-0.027699,0.593168,0.264441,"Aesthetic: Nike footwear spans visible-air lifestyle shoes, cushioned road running, retro court icons, basketball, rugged ACG trail shoes and experimental sport design. Silhouettes: Nike footwear spans visible-air lifestyle shoes, cushioned road running, retro court icons, basketball, rugged ACG trail shoes and experimental sport design. Materials: leather, suede, canvas, mesh, rubber and technical textiles. Palette: brand-signature neutrals and seasonal colour accents.",0.299514,True,0.033385
ER-320,Napapijri,clothes,ios/BrandMoodboardFinder/BrandMoodboardFinder/BrandMoodboards/v2__clothes__napapijri.jpg,False,"Aesthetic: Napapijri clothing rooted in colourful expedition utility. Silhouettes: fully clothed adult looks or garments: Rainforest pullover anorak, archival Skidoo-style anorak, high-pile zip fleece, shiny technical puffer, rugged utility overshirt with cargo trousers and a relaxed archive-knit look. Materials: cotton, wool, denim, leather, knit and technical seasonal fabrics. Palette: orange, navy, forest green, cream, black and bright blue with outdoor and clean studio light.",Add this brand and create a category-appropriate moodboard. catalog_added_and_generated,Napapijri clothing rooted in colourful expedition utility,"fully clothed adult looks or garments: Rainforest pullover anorak, archival Skidoo-style anorak, high-pile zip fleece, shiny technical puffer, rugged utility overshirt with cargo trousers and a relaxed archive-knit look","cotton, wool, denim, leather, knit and technical seasonal fabrics","orange, navy, forest green, cream, black and bright blue with outdoor and clean studio light",0.332949,0.234747,-0.098202,0.596273,0.262422,"Aesthetic: Napapijri clothing rooted in colourful expedition utility. Silhouettes: fully clothed adult looks or garments: Rainforest pullover anorak, archival Skidoo-style anorak, high-pile zip fleece, shiny technical puffer, rugged utility overshirt with cargo trousers and a relaxed archive-knit look. Materials: cotton, wool, denim, leather, knit and technical seasonal fabrics. Palette: orange, navy, forest green, cream, black and bright blue with outdoor and clean studio light.",0.332949,False,-0.000000
ER-036,Everlane,clothes,ios/BrandMoodboardFinder/BrandMoodboardFinder/BrandMoodboards/v2__clothes__everlane.jpg,False,"Aesthetic: minimal, transparent, modern, essential, clean. Silhouettes: clean denim, easy tees, simple tailoring, knit basics. Materials: organic cotton, recycled wool, denim. Palette: black, white, camel, navy, grey.",close vibe. repeated image regenerated,"minimal, transparent, modern, essential, clean","clean denim, easy tees, simple tailoring, knit basics","organic cotton, recycled wool, denim","black, white, camel, navy, grey",0.333166,0.209173,-0.123993,0.599379,0.260404,"Aesthetic: minimal, transparent, modern, essential, clean. Silhouettes: clean denim, easy tees, simple tailoring, knit basics. Materials: organic cotton, recycled wool, denim. Palette: black, white, camel, navy, grey.",0.333166,False,0.000000
ER-149,Toteme,clothes,ios/BrandMoodboardFinder/BrandMoodboardFinder/BrandMoodboards/v2__clothes__toteme.jpg,False,"Aesthetic: minimal, refined, modern, polished, understated. Silhouettes: straight tailoring, clean coats, fluid knits, classic denim. Materials: wool, cashmere, denim, silk, leather. Palette: black, ivory, sand, navy, chocolate.","repeated image, too many close ups of sleeves. close vibe but can be more elegant regenerated","minimal, refined, modern, polished, understated","straight tailoring, clean coats, fluid knits, classic denim","wool, cashmere, denim, silk, leather","black, ivory, sand, navy, chocolate",0.333673,0.283456,-0.050217,0.602484,0.258385,"Aesthetic: minimal, refined, modern, polished, understated. Silhouettes: straight tailoring, clean coats, fluid knits, classic denim. Materials: wool, cashmere, denim, silk, leather. Palette: black, ivory, sand, navy, chocolate.",0.333673,False,0.000000
ER-143,The Frankie Shop,clothes,ios/BrandMoodboardFinder/BrandMoodboardFinder/BrandMoodboards/v2__clothes__the_frankie_shop.jpg,False,"Aesthetic: modern, minimal, editor, easy, contemporary. Silhouettes: oversized blazers, slouchy trousers, ribbed knits, relaxed suiting. Materials: wool blends, jersey, cotton, faux leather. Palette: black, grey, taupe, cream, navy.","medium vibe. more power woman office siren vibe, co - ords and suits regenerated","modern, minimal, editor, easy, contemporary","oversized blazers, slouchy trousers, ribbed knits, relaxed suiting","wool blends, jersey, cotton, faux leather","black, grey, taupe, cream, navy",0.333809,0.257584,-0.076225,0.605590,0.256366,"Aesthetic: modern, minimal, editor, easy, contemporary. Silhouettes: oversized blazers, slouchy trousers, ribbed knits, relaxed suiting. Materials: wool blends, jersey, cotton, faux leather. Palette: black, grey, taupe, cream, navy.",0.333809,False,0.000000
ER-164,ATP Atelier,shoes,ios/BrandMoodboardFinder/BrandMoodboardFinder/BrandMoodboards/v2__shoes__atp_atelier.jpg,False,"Aesthetic: minimal, refined, Italian, practical, year-round. Silhouettes: ankle boots, knee boots, loafers, sculptural sandals, mules and clean flats. Materials: vegetable-tanned leather, suede, rubber and polished metal hardware. Palette: black, cognac, cream, chocolate and muted seasonal colour.","Close vibe, but too summery - add boots regenerated","minimal, refined, Italian, practical, year-round","ankle boots, knee boots, loafers, sculptural sandals, mules and clean flats","vegetable-tanned leather, suede, rubber and polished metal hardware","black, cognac, cream, chocolate and muted seasonal colour",0.333877,0.245576,-0.088301,0.608696,0.254348,"Aesthetic: minimal, refined, easy, sun-warmed, considered. Silhouettes: flat sandals, clean mules, soft loafers. Materials: vachetta leather, suede. Palette: tan, black, natural, brown.",0.287453,True,0.046424
ER-191,Twinset,shoes,ios/BrandMoodboardFinder/BrandMoodboardFinder/BrandMoodboards/v2__shoes__twinset.jpg,False,"Aesthetic: feminine, romantic, soft, practical, tactile. Silhouettes: loafers, pumps, ankle boots, riding boots, sandals. Materials: leather, suede, rubber soles. Palette: black, brown, camel, cream.","close vibe, repeated image regenerated","feminine, romantic, soft, practical, tactile","loafers, pumps, ankle boots, riding boots, sandals","leather, suede, rubber soles","black, brown, camel, cream",0.334158,0.187342,-0.146815,0.611801,0.252329,"Aesthetic: feminine, romantic, soft, practical, tactile. Silhouettes: loafers, pumps, ankle boots, riding boots, sandals. Materials: leather, suede, rubber soles. Palette: black, brown, camel, cream.",0.334158,False,-0.000000
ER-194,J.W. Anderson,shoes,ios/BrandMoodboardFinder/BrandMoodboardFinder/BrandMoodboards/v2__shoes__j_w_anderson.jpg,False,"Aesthetic: conceptual, playful, eccentric, craft-led, offbeat. Silhouettes: ballet flats, sandals, kitten heels, ankle boots. Materials: leather, suede, satin, textile. Palette: black, cream, blush, red, metallic.","close vibe, but some shoes need swapping regenerated","conceptual, playful, eccentric, craft-led, offbeat","ballet flats, sandals, kitten heels, ankle boots","leather, suede, satin, textile","black, cream, blush, red, metallic",0.334224,0.265035,-0.069189,0.614907,0.250311,"Aesthetic: conceptual, playful, eccentric, craft-led, offbeat. Silhouettes: ballet flats, sandals, kitten heels, ankle boots. Materials: leather, suede, satin, textile. Palette: black, cream, blush, red, metallic.",0.334224,False,0.000000
ER-285,Burton,clothes,ios/BrandMoodboardFinder/BrandMoodboardFinder/BrandMoodboards/v2__clothes__burton.jpg,False,"Aesthetic: Burton clothing focused only on snowboard apparel. Silhouettes: fully clothed adult looks or garments: technical shell jacket, insulated bib trousers, colour-block anorak, fleece midlayer, merino base-layer set and relaxed après hoodie. Materials: cotton, wool, denim, leather, knit and technical seasonal fabrics. Palette: black, snow white, cobalt, rust, forest green and one neon accent against alpine weather.",The moodboard feels off compared with current Google and official imagery; make the technical snowboard range more representative. catalog_added_and_generated,Burton clothing focused only on snowboard apparel,"fully clothed adult looks or garments: technical shell jacket, insulated bib trousers, colour-block anorak, fleece midlayer, merino base-layer set and relaxed après hoodie","cotton, wool, denim, leather, knit and technical seasonal fabrics","black, snow white, cobalt, rust, forest green and one neon accent against alpine weather",0.334996,0.312973,-0.022023,0.618012,0.248292,"Aesthetic: Burton clothing focused only on snowboard apparel. Silhouettes: fully clothed adult looks or garments: technical shell jacket, insulated bib trousers, colour-block anorak, fleece midlayer, merino base-layer set and relaxed après hoodie. Materials: cotton, wool, denim, leather, knit and technical seasonal fabrics. Palette: black, snow white, cobalt, rust, forest green and one neon accent against alpine weather.",0.334996,False,0.000000
ER-114,Prada,clothes,ios/BrandMoodboardFinder/BrandMoodboardFinder/BrandMoodboards/v2__clothes__prada.jpg,False,"Aesthetic: intellectual, refined, austere, modern, subversive. Silhouettes: sharp tailoring, sleek nylon pieces, clean silhouettes. Materials: saffiano leather, re-nylon, wool, gabardine. Palette: black, grey, ivory, pops.",Medium vibe. U niforms but also colour. bag close up - swap for the nylon bag regenerated,"intellectual, refined, austere, modern, subversive","sharp tailoring, sleek nylon pieces, clean silhouettes","saffiano leather, re-nylon, wool, gabardine","black, grey, ivory, pops",0.335076,0.259932,-0.075144,0.621118,0.246273,"Aesthetic: intellectual, refined, austere, modern, subversive. Silhouettes: sharp tailoring, sleek nylon pieces, clean silhouettes. Materials: saffiano leather, re-nylon, wool, gabardine. Palette: black, grey, ivory, pops.",0.335076,False,0.000000
ER-252,Filippa K,bags,ios/BrandMoodboardFinder/BrandMoodboardFinder/BrandMoodboards/v2__bags__filippa_k.jpg,False,"Aesthetic: minimal, considered, clean, detail-oriented, crafted. Silhouettes: structured shoulder bags, clean totes, crossbody bags, pouches. Materials: smooth leather, suede, canvas, minimal hardware. Palette: black, cream, taupe, chocolate.",two of the same chairs in the board. overall good vibe regenerated,"minimal, considered, clean, detail-oriented, crafted","structured shoulder bags, clean totes, crossbody bags, pouches","smooth leather, suede, canvas, minimal hardware","black, cream, taupe, chocolate",0.335583,0.145852,-0.189732,0.624224,0.244255,"Aesthetic: minimal, considered, clean, detail-oriented, crafted. Silhouettes: structured shoulder bags, clean totes, crossbody bags, pouches. Materials: smooth leather, suede, canvas, minimal hardware. Palette: black, cream, taupe, chocolate.",0.335583,False,0.000000
ER-094,Natasha Zinko,clothes,ios/BrandMoodboardFinder/BrandMoodboardFinder/BrandMoodboards/v2__clothes__natasha_zinko.jpg,False,"Aesthetic: playful, surreal, street-refined, deconstructed, bold. Silhouettes: spliced denim, oversized hoodies, mini dresses, novelty bags. Materials: denim, cotton, leather, sequins. Palette: blue denim, black, pink, neon accents.","2 pairs of repeated images. close vibe, can use more character pieces regenerated","playful, surreal, street-refined, deconstructed, bold","spliced denim, oversized hoodies, mini dresses, novelty bags","denim, cotton, leather, sequins","blue denim, black, pink, neon accents",0.335780,0.216249,-0.119532,0.627329,0.242236,"Aesthetic: playful, surreal, street-refined, deconstructed, bold. Silhouettes: spliced denim, oversized hoodies, mini dresses, novelty bags. Materials: denim, cotton, leather, sequins. Palette: blue denim, black, pink, neon accents.",0.335780,False,0.000000
ER-042,Gestuz,clothes,ios/BrandMoodboardFinder/BrandMoodboardFinder/BrandMoodboards/v2__clothes__gestuz.jpg,False,"Aesthetic: edgy-feminine, contemporary, bold, party. Silhouettes: sequin dresses, soft tailoring, print pieces. Materials: sequin, viscose, wool. Palette: black, brights, print, neutral.",repeated image regenerated,"edgy-feminine, contemporary, bold, party","sequin dresses, soft tailoring, print pieces","sequin, viscose, wool","black, brights, print, neutral",0.336307,0.216203,-0.120104,0.630435,0.240217,"Aesthetic: edgy-feminine, contemporary, bold, party. Silhouettes: sequin dresses, soft tailoring, print pieces. Materials: sequin, viscose, wool. Palette: black, brights, print, neutral.",0.336307,False,-0.000000
ER-075,MadeWorn,clothes,ios/BrandMoodboardFinder/BrandMoodboardFinder/BrandMoodboards/v2__clothes__madeworn.jpg,False,"Aesthetic: vintage-rock, distressed, heritage, music-led, worn-in. Silhouettes: band tees, sweatshirts, denim, army jackets. Materials: cotton jersey, fleece, denim. Palette: faded black, washed white, army green, heather grey.",repeated image. Close vibe. but interior and jeans not on brand. regenerated,"vintage-rock, distressed, heritage, music-led, worn-in","band tees, sweatshirts, denim, army jackets","cotton jersey, fleece, denim","faded black, washed white, army green, heather grey",0.336381,0.255257,-0.081124,0.633540,0.238199,"Aesthetic: vintage-rock, distressed, heritage, music-led, worn-in. Silhouettes: band tees, sweatshirts, denim, army jackets. Materials: cotton jersey, fleece, denim. Palette: faded black, washed white, army green, heather grey.",0.336381,False,0.000000
ER-214,Tecovas,jewellery,ios/BrandMoodboardFinder/BrandMoodboardFinder/BrandMoodboards/v2__jewellery__tecovas.jpg,False,"Aesthetic: western, heritage, leather-led, ornamental. Silhouettes: hoops, chains, signet rings, pearl earrings. Materials: gold, silver, pearls, semi-precious stones. Palette: gold, silver, pearl, warm neutrals.","close vibe, 2 pairs of repeated images regenerated","western, heritage, leather-led, ornamental","hoops, chains, signet rings, pearl earrings","gold, silver, pearls, semi-precious stones","gold, silver, pearl, warm neutrals",0.337212,0.170848,-0.166364,0.636646,0.236180,"Aesthetic: western, heritage, leather-led, ornamental. Silhouettes: hoops, chains, signet rings, pearl earrings. Materials: gold, silver, pearls, semi-precious stones. Palette: gold, silver, pearl, warm neutrals.",0.337212,False,0.000000
ER-222,Toteme,jewellery,ios/BrandMoodboardFinder/BrandMoodboardFinder/BrandMoodboards/v2__jewellery__toteme.jpg,False,"Aesthetic: minimal, ornamental, sculptural. Silhouettes: slim hoops, clean rings, simple chains, cuffs. Materials: sterling silver, gold vermeil, recycled brass. Palette: silver, gold, pearl, black.","close vibe, words on the collage regenerated","minimal, ornamental, sculptural","slim hoops, clean rings, simple chains, cuffs","sterling silver, gold vermeil, recycled brass","silver, gold, pearl, black",0.337452,0.223610,-0.113842,0.639752,0.234161,"Aesthetic: minimal, ornamental, sculptural. Silhouettes: slim hoops, clean rings, simple chains, cuffs. Materials: sterling silver, gold vermeil, recycled brass. Palette: silver, gold, pearl, black.",0.337452,False,0.000000
ER-014,Brixton,clothes,ios/BrandMoodboardFinder/BrandMoodboardFinder/BrandMoodboards/v2__clothes__brixton.jpg,False,"Aesthetic: heritage-street, casual, heritage, laid-back, retro. Silhouettes: hats, work shirts, relaxed denim, casual jackets. Materials: cotton, twill, fleece, wool felt. Palette: earth tones, black, washed, olive.","Medium vibe. more streetwear, wool hats and caps regenerated","heritage-street, casual, heritage, laid-back, retro","hats, work shirts, relaxed denim, casual jackets","cotton, twill, fleece, wool felt","earth tones, black, washed, olive",0.337737,0.296081,-0.041656,0.642857,0.232143,"Aesthetic: heritage-street, casual, heritage, laid-back, retro. Silhouettes: hats, work shirts, relaxed denim, casual jackets. Materials: cotton, twill, fleece, wool felt. Palette: earth tones, black, washed, olive.",0.337737,False,-0.000000
ER-009,Baukjen,clothes,ios/BrandMoodboardFinder/BrandMoodboardFinder/BrandMoodboards/v2__clothes__baukjen.jpg,False,"Aesthetic: contemporary, sustainable, refined, easy, considered. Silhouettes: soft tailoring, easy dresses, knit separates. Materials: LENZING, organic cotton, recycled wool. Palette: navy, black, ecru, soft tones.",On brand. But double ‘ecovero’ image. regenerated,"contemporary, sustainable, refined, easy, considered","soft tailoring, easy dresses, knit separates","LENZING, organic cotton, recycled wool","navy, black, ecru, soft tones",0.337880,0.207149,-0.130731,0.645963,0.230124,"Aesthetic: contemporary, sustainable, refined, easy, considered. Silhouettes: soft tailoring, easy dresses, knit separates. Materials: LENZING, organic cotton, recycled wool. Palette: navy, black, ecru, soft tones.",0.337880,False,-0.000000
ER-167,Birdies,shoes,ios/BrandMoodboardFinder/BrandMoodboardFinder/BrandMoodboards/v2__shoes__birdies.jpg,False,"Aesthetic: comfort, refined-casual, easy, polished, soft. Silhouettes: cushioned flats, soft loafers, easy slip-ons. Materials: suede, leather, knit. Palette: neutral tones, black, jewel, metallic.","Words on the collage, 3 of the same image. close vibe regenerated","comfort, refined-casual, easy, polished, soft","cushioned flats, soft loafers, easy slip-ons","suede, leather, knit","neutral tones, black, jewel, metallic",0.338604,0.181073,-0.157531,0.649068,0.228106,"Aesthetic: comfort, refined-casual, easy, polished, soft. Silhouettes: cushioned flats, soft loafers, easy slip-ons. Materials: suede, leather, knit. Palette: neutral tones, black, jewel, metallic.",0.338604,False,0.000000
ER-035,Djerf Avenue,clothes,ios/BrandMoodboardFinder/BrandMoodboardFinder/BrandMoodboards/v2__clothes__djerf_avenue.jpg,False,"Aesthetic: effortless, contemporary, soft, considered, easy. Silhouettes: relaxed tailoring, easy dresses, soft knits. Materials: wool blends, cotton, viscose. Palette: ecru, chocolate, black, soft tones.",Medium vibe. W hy is the same woman on all images? regenerated,"effortless, contemporary, soft, considered, easy","relaxed tailoring, easy dresses, soft knits","wool blends, cotton, viscose","ecru, chocolate, black, soft tones",0.338662,0.255648,-0.083013,0.652174,0.226087,"Aesthetic: effortless, contemporary, soft, considered, easy. Silhouettes: relaxed tailoring, easy dresses, soft knits. Materials: wool blends, cotton, viscose. Palette: ecru, chocolate, black, soft tones.",0.338662,False,-0.000000
ER-080,Maria de la Orden,clothes,ios/BrandMoodboardFinder/BrandMoodboardFinder/BrandMoodboards/v2__clothes__maria_de_la_orden.jpg,False,"Aesthetic: polished, preppy, colourful, feminine. Silhouettes: collared dresses, cardigans, blouses, pleated skirts. Materials: cotton, wool, silk, velvet. Palette: navy, red, ivory, green, checks.",Close vibe. repeated image. regenerated,"polished, preppy, colourful, feminine","collared dresses, cardigans, blouses, pleated skirts","cotton, wool, silk, velvet","navy, red, ivory, green, checks",0.338679,0.196482,-0.142198,0.655280,0.224068,"Aesthetic: polished, preppy, colourful, feminine. Silhouettes: collared dresses, cardigans, blouses, pleated skirts. Materials: cotton, wool, silk, velvet. Palette: navy, red, ivory, green, checks.",0.338679,False,0.000000
ER-076,Maison Margiela,clothes,ios/BrandMoodboardFinder/BrandMoodboardFinder/BrandMoodboards/v2__clothes__maison_margiela.jpg,False,"Aesthetic: deconstructed, conceptual, avant-garde, artisanal, subversive. Silhouettes: deconstructed tailoring, oversized coats, trompe-loeil, raw edges. Materials: reworked fabrics, wool, leather, cotton. Palette: white, black, grey, ecru.",Close vibe but remove boho bag regenerated,"deconstructed, conceptual, avant-garde, artisanal, subversive","deconstructed tailoring, oversized coats, trompe-loeil, raw edges","reworked fabrics, wool, leather, cotton","white, black, grey, ecru",0.339527,0.242307,-0.097221,0.658385,0.222050,"Aesthetic: deconstructed, conceptual, avant-garde, artisanal, subversive. Silhouettes: deconstructed tailoring, oversized coats, trompe-loeil, raw edges. Materials: reworked fabrics, wool, leather, cotton. Palette: white, black, grey, ecru.",0.339527,False,0.000000
ER-343,Gia Borghini,shoes,ios/BrandMoodboardFinder/BrandMoodboardFinder/BrandMoodboards/v2__shoes__gia_borghini.jpg,False,"Aesthetic: product-only Gia Borghini footwear with one complete single hero shoe per panel: brown leather Rosie 3 square-toe thong sandal with braided ankle strap, cream sculptural Perni slide, black Marte platform boot, minimal black Studio thong, metallic-silver architectural Muse thong wedge and white strappy Icon heel. Silhouettes: product-only Gia Borghini footwear with one complete single hero shoe per panel: brown leather Rosie 3 square-toe thong sandal with braided ankle strap, cream sculptural Perni slide, black Marte platform boot, minimal black Studio thong, metallic-silver architectural Muse thong wedge and white strappy Icon heel. Materials: leather, suede, canvas, mesh, rubber and technical textiles. Palette: sleek Italian leather, sculptural curves and fashion-forward proportions, with six unmistakably different constructions.",Add this brand and create a category-appropriate moodboard. catalog_added_and_generated,"product-only Gia Borghini footwear with one complete single hero shoe per panel: brown leather Rosie 3 square-toe thong sandal with braided ankle strap, cream sculptural Perni slide, black Marte platform boot, minimal black Studio thong, metallic-silver architectural Muse thong wedge and white strappy Icon heel","product-only Gia Borghini footwear with one complete single hero shoe per panel: brown leather Rosie 3 square-toe thong sandal with braided ankle strap, cream sculptural Perni slide, black Marte platform boot, minimal black Studio thong, metallic-silver architectural Muse thong wedge and white strappy Icon heel","leather, suede, canvas, mesh, rubber and technical textiles","sleek Italian leather, sculptural curves and fashion-forward proportions, with six unmistakably different constructions",0.339534,0.243999,-0.095535,0.661491,0.220031,"Aesthetic: product-only Gia Borghini footwear with one complete single hero shoe per panel: brown leather Rosie 3 square-toe thong sandal with braided ankle strap, cream sculptural Perni slide, black Marte platform boot, minimal black Studio thong, metallic-silver architectural Muse thong wedge and white strappy Icon heel. Silhouettes: product-only Gia Borghini footwear with one complete single hero shoe per panel: brown leather Rosie 3 square-toe thong sandal with braided ankle strap, cream sculptural Perni slide, black Marte platform boot, minimal black Studio thong, metallic-silver architectural Muse thong wedge and white strappy Icon heel. Materials: leather, suede, canvas, mesh, rubber and technical textiles. Palette: sleek Italian leather, sculptural curves and fashion-forward proportions, with six unmistakably different constructions.",0.339534,False,-0.000000
ER-141,The Attico,clothes,ios/BrandMoodboardFinder/BrandMoodboardFinder/BrandMoodboards/v2__clothes__the_attico.jpg,False,"Aesthetic: sensual, nightlife, sharp, glamorous, street-luxe. Silhouettes: body-conscious dresses, oversized jackets, cut-out tops, cargo trousers and statement tailoring. Materials: satin, leather, denim, sequins and technical nylon. Palette: black, silver, red, acid brights and jewel tones.","repeated image. medium vibe. sexier. the interiors are both off, and the jumper close up regenerated","sensual, nightlife, sharp, glamorous, street-luxe","body-conscious dresses, oversized jackets, cut-out tops, cargo trousers and statement tailoring","satin, leather, denim, sequins and technical nylon","black, silver, red, acid brights and jewel tones",0.339756,0.230043,-0.109713,0.664596,0.218012,"Aesthetic: sensual, retro-glam, bold, party, sculptural. Silhouettes: fitted dresses, statement separates, bold tailoring. Materials: satin, jersey, crystal. Palette: black, brights, jewel tones, print.",0.287050,True,0.052706
ER-074,Made By Minga,clothes,ios/BrandMoodboardFinder/BrandMoodboardFinder/BrandMoodboards/v2__clothes__made_by_minga.jpg,False,"Aesthetic: artisanal, hand-knit, soft, natural, relaxed. Silhouettes: chunky sweaters, balloon-sleeve cardigans, crochet hats, scarves and embroidered lounge sets. Materials: alpaca and wool knits, crochet, soft cotton and hand embroidery. Palette: oatmeal, cream, camel, chocolate brown and dusty blue.","Off vibe. the brand ia about artisanal handmade items, artisanal sweaters, hats, not printed tshirts regenerated","artisanal, hand-knit, soft, natural, relaxed","chunky sweaters, balloon-sleeve cardigans, crochet hats, scarves and embroidered lounge sets","alpaca and wool knits, crochet, soft cotton and hand embroidery","oatmeal, cream, camel, chocolate brown and dusty blue",0.339782,0.248068,-0.091715,0.667702,0.215994,"Aesthetic: y2k, playful, graphic, colourful, internet-led. Silhouettes: baby tees, mini skirts, cardigans, graphic knits. Materials: cotton jersey, acrylic knits, denim. Palette: pastels, red, black, novelty graphics.",0.210753,True,0.129029
ER-037,Farah,clothes,ios/BrandMoodboardFinder/BrandMoodboardFinder/BrandMoodboards/v2__clothes__farah.jpg,False,"Aesthetic: mod, heritage, casual, menswear. Silhouettes: polo shirts, chinos, harrington jackets, knitwear. Materials: cotton piqué, twill, wool blends. Palette: navy, burgundy, cream, olive.","Close vibe, 2 pairs of repeated images regenerated","mod, heritage, casual, menswear","polo shirts, chinos, harrington jackets, knitwear","cotton piqué, twill, wool blends","navy, burgundy, cream, olive",0.340020,0.218958,-0.121062,0.670807,0.213975,"Aesthetic: mod, heritage, casual, menswear. Silhouettes: polo shirts, chinos, harrington jackets, knitwear. Materials: cotton piqué, twill, wool blends. Palette: navy, burgundy, cream, olive.",0.340020,False,-0.000000
ER-010,BLANK NYC,clothes,ios/BrandMoodboardFinder/BrandMoodboardFinder/BrandMoodboards/v2__clothes__blank_nyc.jpg,False,"Aesthetic: denim-led, downtown, casual, edgy, approachable. Silhouettes: skinny jeans, faux-leather jackets, denim shorts, moto jackets. Materials: denim, faux leather, cotton, stretch twill. Palette: washed blue, black, grey, white.",double image regenerated,"denim-led, downtown, casual, edgy, approachable","skinny jeans, faux-leather jackets, denim shorts, moto jackets","denim, faux leather, cotton, stretch twill","washed blue, black, grey, white",0.340084,0.186524,-0.153561,0.673913,0.211957,"Aesthetic: denim-led, downtown, casual, edgy, approachable. Silhouettes: skinny jeans, faux-leather jackets, denim shorts, moto jackets. Materials: denim, faux leather, cotton, stretch twill. Palette: washed blue, black, grey, white.",0.340084,False,0.000000
ER-351,Diemme,shoes,ios/BrandMoodboardFinder/BrandMoodboardFinder/BrandMoodboards/v2__shoes__diemme.jpg,False,"Aesthetic: product-only Diemme footwear with one complete single hero shoe per panel: black full-grain Roccia Vet alpine boot, tobacco-suede Cornaro ankle boot, grey-fabric Roccia Basso low hiker, orange technical Grappa Hiker, dark-fallow suede Movida leisure shoe and burgundy crackled-leather Licata loafer. Silhouettes: Show handcrafted Italian outdoor construction, premium materials and sturdy soles, with all six silhouettes distinct. Materials: leather, suede, canvas, mesh, rubber and technical textiles. Palette: brand-signature neutrals and seasonal colour accents.",Add this brand and create a category-appropriate moodboard. catalog_added_and_generated,"product-only Diemme footwear with one complete single hero shoe per panel: black full-grain Roccia Vet alpine boot, tobacco-suede Cornaro ankle boot, grey-fabric Roccia Basso low hiker, orange technical Grappa Hiker, dark-fallow suede Movida leisure shoe and burgundy crackled-leather Licata loafer","Show handcrafted Italian outdoor construction, premium materials and sturdy soles, with all six silhouettes distinct","leather, suede, canvas, mesh, rubber and technical textiles",brand-signature neutrals and seasonal colour accents,0.340089,0.236533,-0.103556,0.677019,0.209938,"Aesthetic: product-only Diemme footwear with one complete single hero shoe per panel: black full-grain Roccia Vet alpine boot, tobacco-suede Cornaro ankle boot, grey-fabric Roccia Basso low hiker, orange technical Grappa Hiker, dark-fallow suede Movida leisure shoe and burgundy crackled-leather Licata loafer. Silhouettes: Show handcrafted Italian outdoor construction, premium materials and sturdy soles, with all six silhouettes distinct. Materials: leather, suede, canvas, mesh, rubber and technical textiles. Palette: brand-signature neutrals and seasonal colour accents.",0.340089,False,0.000000
ER-001,Acne Studios,clothes,ios/BrandMoodboardFinder/BrandMoodboardFinder/BrandMoodboards/v2__clothes__acne_studios.jpg,False,"Aesthetic: contemporary, off-beat, minimal, directional. Silhouettes: relaxed tailoring, slouchy denim, chunky knits, structured coats. Materials: denim, wool, leather, cotton. Palette: black, ecru, pink, beige, navy.","Off vibe, other than the suit. branded long sleeve is recognizable. maybe a scarf. skinny vs layered looks are a signature mix. regenerated","contemporary, off-beat, minimal, directional","relaxed tailoring, slouchy denim, chunky knits, structured coats","denim, wool, leather, cotton","black, ecru, pink, beige, navy",0.340135,0.233027,-0.107108,0.680124,0.207919,"Aesthetic: contemporary, off-beat, minimal, directional. Silhouettes: relaxed tailoring, slouchy denim, chunky knits, structured coats. Materials: denim, wool, leather, cotton. Palette: black, ecru, pink, beige, navy.",0.340135,False,-0.000000
ER-212,Suzanne Kalan,jewellery,ios/BrandMoodboardFinder/BrandMoodboardFinder/BrandMoodboards/v2__jewellery__suzanne_kalan.jpg,False,"Aesthetic: sparkling, modern, baguette-led, glamorous, bold. Silhouettes: baguette-diamond pieces, fireworks motifs, statement rings. Materials: 18k gold, diamonds, gemstones. Palette: gold, diamond white, vivid gemstone.","close vibe, add more iconic pieces regenerated","sparkling, modern, baguette-led, glamorous, bold","baguette-diamond pieces, fireworks motifs, statement rings","18k gold, diamonds, gemstones","gold, diamond white, vivid gemstone",0.340190,0.250416,-0.089774,0.683230,0.205901,"Aesthetic: sparkling, modern, baguette-led, glamorous, bold. Silhouettes: baguette-diamond pieces, fireworks motifs, statement rings. Materials: 18k gold, diamonds, gemstones. Palette: gold, diamond white, vivid gemstone.",0.340190,False,0.000000
ER-097,Norse Projects,clothes,ios/BrandMoodboardFinder/BrandMoodboardFinder/BrandMoodboards/v2__clothes__norse_projects.jpg,False,"Aesthetic: minimal, utilitarian, considered, casual. Silhouettes: clean outerwear, easy shirting, simple knits. Materials: cotton, wool, gore-tex. Palette: navy, ecru, olive, grey.",close vibe. bottom right corner has 2 pairs of repeated close ups regenerated,"minimal, utilitarian, considered, casual","clean outerwear, easy shirting, simple knits","cotton, wool, gore-tex","navy, ecru, olive, grey",0.341034,0.195073,-0.145962,0.686335,0.203882,"Aesthetic: minimal, utilitarian, considered, casual. Silhouettes: clean outerwear, easy shirting, simple knits. Materials: cotton, wool, gore-tex. Palette: navy, ecru, olive, grey.",0.341034,False,0.000000
ER-284,Bimba Y Lola,clothes,ios/BrandMoodboardFinder/BrandMoodboardFinder/BrandMoodboards/v2__clothes__bimba_y_lola.jpg,False,"Aesthetic: polished, eclectic, feminine, modern, softly sculptural. Silhouettes: leather tailoring, crisp shirts, draped midi dresses, lace skirts, wide trousers and soft knitwear. Materials: leather, silk-like satin, lace, wool knit and tailored twill. Palette: chocolate, cream, olive, burgundy, navy, powder blue and blush.",The moodboard feels off-vibe compared with current Google and official imagery; correct the styling and palette. catalog_added_and_generated,"polished, eclectic, feminine, modern, softly sculptural","leather tailoring, crisp shirts, draped midi dresses, lace skirts, wide trousers and soft knitwear","leather, silk-like satin, lace, wool knit and tailored twill","chocolate, cream, olive, burgundy, navy, powder blue and blush",0.341094,0.252267,-0.088828,0.689441,0.201863,"Aesthetic: Create a playful vertical six-panel Bimba y Lola clothing with bold Spanish colour and surreal graphic energy. Silhouettes: fully clothed adult looks or garments: oversized technical puffer, vivid printed midi dress, colour-block knit, sculptural denim jacket, bright tailored suit and a patterned mesh layering top over an opaque base. Materials: cotton, wool, denim, leather, knit and technical seasonal fabrics. Palette: cobalt, lime, red, pink and black.",0.250820,True,0.090274
ER-236,Arizona Love,bags,ios/BrandMoodboardFinder/BrandMoodboardFinder/BrandMoodboards/v2__bags__arizona_love.jpg,False,"Aesthetic: bohemian, vibrant, coastal, relaxed, detail-oriented. Silhouettes: woven totes, bucket bags, raffia clutches, soft shoulder bags. Materials: raffia, straw, leather, cotton canvas, beads. Palette: natural straw, tan, cream, terracotta, black.","Off vibe. Needs signature bandana pattern. Overall vibe should be more cowboy-desert (Arizona), than beach-ey straw. regenerated","bohemian, vibrant, coastal, relaxed, detail-oriented","woven totes, bucket bags, raffia clutches, soft shoulder bags","raffia, straw, leather, cotton canvas, beads","natural straw, tan, cream, terracotta, black",0.341155,0.213444,-0.127711,0.692547,0.199845,"Aesthetic: bohemian, vibrant, coastal, relaxed, detail-oriented. Silhouettes: woven totes, bucket bags, raffia clutches, soft shoulder bags. Materials: raffia, straw, leather, cotton canvas, beads. Palette: natural straw, tan, cream, terracotta, black.",0.341155,False,0.000000
ER-165,Base London,shoes,ios/BrandMoodboardFinder/BrandMoodboardFinder/BrandMoodboards/v2__shoes__base_london.jpg,False,"Aesthetic: classic, smart-casual, heritage, considered, refined. Silhouettes: derbies, brogues, chelsea boots, loafers. Materials: leather, suede. Palette: tan, brown, black, navy.","close vibe, repeated image regenerated","classic, smart-casual, heritage, considered, refined","derbies, brogues, chelsea boots, loafers","leather, suede","tan, brown, black, navy",0.341169,0.190405,-0.150763,0.695652,0.197826,"Aesthetic: classic, smart-casual, heritage, considered, refined. Silhouettes: derbies, brogues, chelsea boots, loafers. Materials: leather, suede. Palette: tan, brown, black, navy.",0.341169,False,-0.000000
ER-125,Shangri-la Heritage,clothes,ios/BrandMoodboardFinder/BrandMoodboardFinder/BrandMoodboards/v2__clothes__shangri_la_heritage.jpg,False,"Aesthetic: motorcycle, heritage, rugged, handcrafted, mountain-inspired. Silhouettes: leather motorcycle jackets, shearling flight jackets, western layers and sturdy workwear. Materials: aged leather, shearling, waxed cotton, denim and metal hardware. Palette: tobacco, chocolate brown, black, cream and faded indigo.",Medium vibe. more motorcycle aesthetic with a touch of ethnic mountain. regenerated,"motorcycle, heritage, rugged, handcrafted, mountain-inspired","leather motorcycle jackets, shearling flight jackets, western layers and sturdy workwear","aged leather, shearling, waxed cotton, denim and metal hardware","tobacco, chocolate brown, black, cream and faded indigo",0.341340,0.277280,-0.064061,0.698758,0.195807,"Aesthetic: vintage-inspired, nostalgic, casual, characterful, relaxed. Silhouettes: work shirts, easy jackets, relaxed trousers, nostalgic layers. Materials: cotton twill, denim, wool blends, jersey. Palette: indigo, khaki, cream, brown, washed tones.",0.273442,True,0.067898
ER-232,ALO YOGA,bags,ios/BrandMoodboardFinder/BrandMoodboardFinder/BrandMoodboards/v2__bags__alo_yoga.jpg,False,"Aesthetic: quiet luxury, wellness-luxe, refined, minimal, polished. Silhouettes: leather duffles, drawstring shoulder bags, perforated totes, bowling bags and bucket bags. Materials: smooth leather, perforated leather, suede, gold hardware and crystal-like charms. Palette: espresso, cream, black, chocolate brown and warm gold.","Off vibe. 'alo atelier' has more elegant bags also check price, bags are $$$ ($1000+) regenerated","quiet luxury, wellness-luxe, refined, minimal, polished","leather duffles, drawstring shoulder bags, perforated totes, bowling bags and bucket bags","smooth leather, perforated leather, suede, gold hardware and crystal-like charms","espresso, cream, black, chocolate brown and warm gold",0.341406,0.286182,-0.055225,0.701863,0.193789,"Aesthetic: activewear, sleek, wellness, polished, detail-oriented. Silhouettes: backpacks, belt bags, crossbody pouches, totes. Materials: nylon, recycled polyester, canvas, webbing. Palette: black, grey, navy, bright technical accents.",0.274939,True,0.066467
ER-066,Lisa Says Gah,clothes,ios/BrandMoodboardFinder/BrandMoodboardFinder/BrandMoodboards/v2__clothes__lisa_says_gah.jpg,False,"Aesthetic: retro-romantic, playful, cottage-inspired, trend-led, feminine. Silhouettes: printed midi dresses, romantic blouses, cardigans, flowing skirts and wide trousers. Materials: cotton poplin, soft knit, satin, lace and printed viscose. Palette: earthy neutrals, soft pastels, red, forest green and vintage multicolour print.",Medium vibe. 2 repeated images. more romantic/cottage core/trends than pure retro print. regenerated,"retro-romantic, playful, cottage-inspired, trend-led, feminine","printed midi dresses, romantic blouses, cardigans, flowing skirts and wide trousers","cotton poplin, soft knit, satin, lace and printed viscose","earthy neutrals, soft pastels, red, forest green and vintage multicolour print",0.341492,0.275308,-0.066184,0.704969,0.191770,"Aesthetic: playful, retro, artful, eclectic, joyful. Silhouettes: print dresses, statement knits, easy separates. Materials: deadstock, cotton, knit. Palette: bold print, brights, ecru.",0.285622,True,0.055870
ER-082,Marine Serre,clothes,ios/BrandMoodboardFinder/BrandMoodboardFinder/BrandMoodboards/v2__clothes__marine_serre.jpg,False,"Aesthetic: futuristic, upcycled, sensual, sci-fi, eclectic. Silhouettes: second-skin bodysuits, crescent-moon prints, patchwork, draped. Materials: recycled textiles, jersey, denim, silk scarves. Palette: black, moonprint, mixed prints, ecru.",same item repeated 3 times. close vibe regenerated,"futuristic, upcycled, sensual, sci-fi, eclectic","second-skin bodysuits, crescent-moon prints, patchwork, draped","recycled textiles, jersey, denim, silk scarves","black, moonprint, mixed prints, ecru",0.341810,0.207265,-0.134544,0.708075,0.189752,"Aesthetic: futuristic, upcycled, sensual, sci-fi, eclectic. Silhouettes: second-skin bodysuits, crescent-moon prints, patchwork, draped. Materials: recycled textiles, jersey, denim, silk scarves. Palette: black, moonprint, mixed prints, ecru.",0.341810,False,-0.000000
ER-144,The Kooples,clothes,ios/BrandMoodboardFinder/BrandMoodboardFinder/BrandMoodboards/v2__clothes__the_kooples.jpg,False,"Aesthetic: rock-chic, sharp, contemporary, edgy. Silhouettes: sharp tailoring, slim suiting, leather, easy dresses. Materials: wool, leather, cotton. Palette: black, grey, navy, white.","close vibe, repeated image regenerated","rock-chic, sharp, contemporary, edgy","sharp tailoring, slim suiting, leather, easy dresses","wool, leather, cotton","black, grey, navy, white",0.341932,0.227184,-0.114748,0.711180,0.187733,"Aesthetic: rock-chic, sharp, contemporary, edgy. Silhouettes: sharp tailoring, slim suiting, leather, easy dresses. Materials: wool, leather, cotton. Palette: black, grey, navy, white.",0.341932,False,0.000000
ER-019,Celine,clothes,ios/BrandMoodboardFinder/BrandMoodboardFinder/BrandMoodboards/v2__clothes__celine.jpg,False,"Aesthetic: sleek, bourgeois-cool, refined, sharp, polished. Silhouettes: sharp tailoring, slim silhouettes, fluid dresses, leather. Materials: wool, leather, silk, denim. Palette: black, ivory, camel, tan.","Off vibe. Silhouettes on the collage are outdated. Celine has tailoring - either super tight or oversized, with more layering and accessorizing regenerated","sleek, bourgeois-cool, refined, sharp, polished","sharp tailoring, slim silhouettes, fluid dresses, leather","wool, leather, silk, denim","black, ivory, camel, tan",0.341960,0.322506,-0.019454,0.714286,0.185714,"Aesthetic: sleek, bourgeois-cool, refined, sharp, polished. Silhouettes: sharp tailoring, slim silhouettes, fluid dresses, leather. Materials: wool, leather, silk, denim. Palette: black, ivory, camel, tan.",0.341960,False,0.000000
ER-003,Altuzarra,clothes,ios/BrandMoodboardFinder/BrandMoodboardFinder/BrandMoodboards/v2__clothes__altuzarra.jpg,False,"Aesthetic: sensual, refined, worldly, polished, sophisticated. Silhouettes: tailored dresses, knife-pleats, slit skirts, sharp suiting. Materials: wool, silk, knit, jacquard. Palette: black, ivory, earth tones, print.",Medium vibe. The brand is more sensual. regenerated,"sensual, refined, worldly, polished, sophisticated","tailored dresses, knife-pleats, slit skirts, sharp suiting","wool, silk, knit, jacquard","black, ivory, earth tones, print",0.341975,0.270153,-0.071822,0.717391,0.183696,"Aesthetic: sensual, refined, worldly, polished, sophisticated. Silhouettes: tailored dresses, knife-pleats, slit skirts, sharp suiting. Materials: wool, silk, knit, jacquard. Palette: black, ivory, earth tones, print.",0.341975,False,0.000000
ER-347,Clarks,shoes,ios/BrandMoodboardFinder/BrandMoodboardFinder/BrandMoodboards/v2__shoes__clarks.jpg,False,"Aesthetic: product-only Clarks footwear with one complete single hero shoe per panel: maple-suede Wallabee, sand-suede Desert Boot with crepe sole, beeswax-leather Desert Trek, red-suede Torhill Hi with chunky ribbed sole, navy-nubuck Nalle Lace and black-suede Wallabee mule. Silhouettes: product-only Clarks footwear with one complete single hero shoe per panel: maple-suede Wallabee, sand-suede Desert Boot with crepe sole, beeswax-leather Desert Trek, red-suede Torhill Hi with chunky ribbed sole, navy-nubuck Nalle Lace and black-suede Wallabee mule. Materials: leather, suede, canvas, mesh, rubber and technical textiles. Palette: brand-signature neutrals and seasonal colour accents.",Add this brand and create a category-appropriate moodboard. catalog_added_and_generated,"product-only Clarks footwear with one complete single hero shoe per panel: maple-suede Wallabee, sand-suede Desert Boot with crepe sole, beeswax-leather Desert Trek, red-suede Torhill Hi with chunky ribbed sole, navy-nubuck Nalle Lace and black-suede Wallabee mule","product-only Clarks footwear with one complete single hero shoe per panel: maple-suede Wallabee, sand-suede Desert Boot with crepe sole, beeswax-leather Desert Trek, red-suede Torhill Hi with chunky ribbed sole, navy-nubuck Nalle Lace and black-suede Wallabee mule","leather, suede, canvas, mesh, rubber and technical textiles",brand-signature neutrals and seasonal colour accents,0.342116,0.248182,-0.093935,0.720497,0.181677,"Aesthetic: product-only Clarks footwear with one complete single hero shoe per panel: maple-suede Wallabee, sand-suede Desert Boot with crepe sole, beeswax-leather Desert Trek, red-suede Torhill Hi with chunky ribbed sole, navy-nubuck Nalle Lace and black-suede Wallabee mule. Silhouettes: product-only Clarks footwear with one complete single hero shoe per panel: maple-suede Wallabee, sand-suede Desert Boot with crepe sole, beeswax-leather Desert Trek, red-suede Torhill Hi with chunky ribbed sole, navy-nubuck Nalle Lace and black-suede Wallabee mule. Materials: leather, suede, canvas, mesh, rubber and technical textiles. Palette: brand-signature neutrals and seasonal colour accents.",0.342116,False,0.000000
ER-306,Lacoste,clothes,ios/BrandMoodboardFinder/BrandMoodboardFinder/BrandMoodboards/v2__clothes__lacoste.jpg,False,"Aesthetic: Lacoste clothing translating French tennis heritage into modern sport style. Silhouettes: fully clothed adult looks: classic white pique polo, navy piped tracksuit, cable-knit tennis sweater, rain-proof technical tracksuit, hybrid track-jacket shirt and a pleated trench-skirt look. Materials: cotton, wool, denim, leather, knit and technical seasonal fabrics. Palette: white, navy, court green, clay red and pale yellow with crisp club light.",Add this brand and create a category-appropriate moodboard. catalog_added_and_generated,Lacoste clothing translating French tennis heritage into modern sport style,"fully clothed adult looks: classic white pique polo, navy piped tracksuit, cable-knit tennis sweater, rain-proof technical tracksuit, hybrid track-jacket shirt and a pleated trench-skirt look","cotton, wool, denim, leather, knit and technical seasonal fabrics","white, navy, court green, clay red and pale yellow with crisp club light",0.342466,0.235604,-0.106862,0.723602,0.179658,"Aesthetic: Lacoste clothing translating French tennis heritage into modern sport style. Silhouettes: fully clothed adult looks: classic white pique polo, navy piped tracksuit, cable-knit tennis sweater, rain-proof technical tracksuit, hybrid track-jacket shirt and a pleated trench-skirt look. Materials: cotton, wool, denim, leather, knit and technical seasonal fabrics. Palette: white, navy, court green, clay red and pale yellow with crisp club light.",0.342466,False,0.000000
ER-015,C.P. Company,clothes,ios/BrandMoodboardFinder/BrandMoodboardFinder/BrandMoodboards/v2__clothes__c_p_company.jpg,False,"Aesthetic: technical, utilitarian, innovative, functional. Silhouettes: garment-dyed outerwear, goggle jackets, cargo trousers. Materials: technical cotton, nylon, fleece. Palette: olive, black, grey, rust.",2 pairs of images repeated regenerated,"technical, utilitarian, innovative, functional","garment-dyed outerwear, goggle jackets, cargo trousers","technical cotton, nylon, fleece","olive, black, grey, rust",0.342475,0.208117,-0.134359,0.726708,0.177640,"Aesthetic: technical, utilitarian, innovative, functional. Silhouettes: garment-dyed outerwear, goggle jackets, cargo trousers. Materials: technical cotton, nylon, fleece. Palette: olive, black, grey, rust.",0.342475,False,0.000000
ER-090,Monki,clothes,ios/BrandMoodboardFinder/BrandMoodboardFinder/BrandMoodboards/v2__clothes__monki.jpg,False,"Aesthetic: playful, youthful, colourful, retro, fun. Silhouettes: print dresses, easy denim, statement knits. Materials: organic cotton, jersey. Palette: bold brights, print, pastel, black.",Repeated image. close vibe regenerated,"playful, youthful, colourful, retro, fun","print dresses, easy denim, statement knits","organic cotton, jersey","bold brights, print, pastel, black",0.342871,0.187380,-0.155491,0.729814,0.175621,"Aesthetic: playful, youthful, colourful, retro, fun. Silhouettes: print dresses, easy denim, statement knits. Materials: organic cotton, jersey. Palette: bold brights, print, pastel, black.",0.342871,False,-0.000000
ER-012,Bottega Veneta,clothes,ios/BrandMoodboardFinder/BrandMoodboardFinder/BrandMoodboards/v2__clothes__bottega_veneta.jpg,False,"Aesthetic: restrained refinement, refined, crafted, sensual. Silhouettes: fluid tailoring, intrecciato leather, soft knits, sculpted. Materials: leather, cashmere, wool, silk. Palette: fondant green, black, caramel, white.",text on the moodboard regenerated,"restrained refinement, refined, crafted, sensual","fluid tailoring, intrecciato leather, soft knits, sculpted","leather, cashmere, wool, silk","fondant green, black, caramel, white",0.342990,0.208393,-0.134597,0.732919,0.173602,"Aesthetic: restrained refinement, refined, crafted, sensual. Silhouettes: fluid tailoring, intrecciato leather, soft knits, sculpted. Materials: leather, cashmere, wool, silk. Palette: fondant green, black, caramel, white.",0.342990,False,-0.000000
ER-183,Cult Gaia,shoes,ios/BrandMoodboardFinder/BrandMoodboardFinder/BrandMoodboards/v2__shoes__cult_gaia.jpg,False,"Aesthetic: sculptural, sensual, resort, statement, practical. Silhouettes: flat sandals, espadrilles, woven slides, soft boots. Materials: leather, suede, raffia, canvas, jute. Palette: tan, cream, terracotta, black.","Medium vibe. more architectural structural, with eclectic materials added regenerated","sculptural, sensual, resort, statement, practical","flat sandals, espadrilles, woven slides, soft boots","leather, suede, raffia, canvas, jute","tan, cream, terracotta, black",0.343480,0.238010,-0.105470,0.736025,0.171584,"Aesthetic: sculptural, sensual, resort, statement, practical. Silhouettes: flat sandals, espadrilles, woven slides, soft boots. Materials: leather, suede, raffia, canvas, jute. Palette: tan, cream, terracotta, black.",0.343480,False,-0.000000
ER-282,Bandit Running,clothes,ios/BrandMoodboardFinder/BrandMoodboardFinder/BrandMoodboards/v2__clothes__bandit_running.jpg,False,"Aesthetic: Bandit Running apparel rooted in Brooklyn performance running. Silhouettes: fully clothed adult running looks or garments: striped Cadence quarter tights, Superbeam half tights, Micromesh long sleeve, race singlet, technical shell and a Steady State recovery set. Materials: cotton, wool, denim, leather, knit and technical seasonal fabrics. Palette: black, concrete taupe, cocoa, steel blue and safety orange in dawn city light.",Add this brand and create a category-appropriate moodboard. catalog_added_and_generated,Bandit Running apparel rooted in Brooklyn performance running,"fully clothed adult running looks or garments: striped Cadence quarter tights, Superbeam half tights, Micromesh long sleeve, race singlet, technical shell and a Steady State recovery set","cotton, wool, denim, leather, knit and technical seasonal fabrics","black, concrete taupe, cocoa, steel blue and safety orange in dawn city light",0.343480,0.230753,-0.112728,0.739130,0.169565,"Aesthetic: Bandit Running apparel rooted in Brooklyn performance running. Silhouettes: fully clothed adult running looks or garments: striped Cadence quarter tights, Superbeam half tights, Micromesh long sleeve, race singlet, technical shell and a Steady State recovery set. Materials: cotton, wool, denim, leather, knit and technical seasonal fabrics. Palette: black, concrete taupe, cocoa, steel blue and safety orange in dawn city light.",0.343480,False,0.000000
ER-146,Third Form,clothes,ios/BrandMoodboardFinder/BrandMoodboardFinder/BrandMoodboards/v2__clothes__third_form.jpg,False,"Aesthetic: considered, sensual, contemporary, fluid, modern. Silhouettes: draped dresses, soft tailoring, fluid separates. Materials: crepe, satin, knit. Palette: ivory, black, muted tones.","words on the collage close vibe, worth adding some colours regenerated","considered, sensual, contemporary, fluid, modern","draped dresses, soft tailoring, fluid separates","crepe, satin, knit","ivory, black, muted tones",0.343631,0.202427,-0.141204,0.742236,0.167547,"Aesthetic: considered, sensual, contemporary, fluid, modern. Silhouettes: draped dresses, soft tailoring, fluid separates. Materials: crepe, satin, knit. Palette: ivory, black, muted tones.",0.343631,False,-0.000000
ER-105,oscar de la renta,clothes,ios/BrandMoodboardFinder/BrandMoodboardFinder/BrandMoodboards/v2__clothes__oscar_de_la_renta.jpg,False,"Aesthetic: opulent, romantic, ladylike, ornate, glamorous. Silhouettes: full-skirt gowns, floral embellishment, structured dresses. Materials: silk, tulle, embroidery. Palette: floral, jewel tones, ivory, black.",repeated interior image. close vibe regenerated,"opulent, romantic, ladylike, ornate, glamorous","full-skirt gowns, floral embellishment, structured dresses","silk, tulle, embroidery","floral, jewel tones, ivory, black",0.343738,0.179589,-0.164149,0.745342,0.165528,"Aesthetic: opulent, romantic, ladylike, ornate, glamorous. Silhouettes: full-skirt gowns, floral embellishment, structured dresses. Materials: silk, tulle, embroidery. Palette: floral, jewel tones, ivory, black.",0.343738,False,-0.000000
ER-013,Brandon Maxwell,clothes,ios/BrandMoodboardFinder/BrandMoodboardFinder/BrandMoodboards/v2__clothes__brandon_maxwell.jpg,False,"Aesthetic: polished, glamorous, refined, modern. Silhouettes: sharp tailoring, column gowns, sculpted dresses. Materials: wool, silk, crepe, satin. Palette: black, ivory, bold solids.","Vibe is close, but the board is made of 3 outfits repeated. regenerated","polished, glamorous, refined, modern","sharp tailoring, column gowns, sculpted dresses","wool, silk, crepe, satin","black, ivory, bold solids",0.344117,0.219571,-0.124546,0.748447,0.163509,"Aesthetic: polished, glamorous, refined, modern. Silhouettes: sharp tailoring, column gowns, sculpted dresses. Materials: wool, silk, crepe, satin. Palette: black, ivory, bold solids.",0.344117,False,-0.000000
ER-055,Johnny Was,clothes,ios/BrandMoodboardFinder/BrandMoodboardFinder/BrandMoodboards/v2__clothes__johnny_was.jpg,False,"Aesthetic: bohemian, embroidered, eclectic, romantic, artisanal. Silhouettes: embroidered dresses, print blouses, easy separates. Materials: silk, cotton, embroidery. Palette: earthy print, jewel tones, ivory.","close vibe, but same short 3 times. the interior not super on brand. regenerated","bohemian, embroidered, eclectic, romantic, artisanal","embroidered dresses, print blouses, easy separates","silk, cotton, embroidery","earthy print, jewel tones, ivory",0.344164,0.141797,-0.202367,0.751553,0.161491,"Aesthetic: bohemian, embroidered, eclectic, romantic, artisanal. Silhouettes: embroidered dresses, print blouses, easy separates. Materials: silk, cotton, embroidery. Palette: earthy print, jewel tones, ivory.",0.344164,False,0.000000
ER-352,Hunter,shoes,ios/BrandMoodboardFinder/BrandMoodboardFinder/BrandMoodboards/v2__shoes__hunter.jpg,False,"Aesthetic: product-only Hunter footwear with one complete single hero shoe per panel: dark-green Original Tall Rain Boot, yellow PLAY Short Rain Boot, black Original Chelsea Boot, brown Southall insulated duck boot, red waterproof rubber mule and navy webbing sandal. Silhouettes: product-only Hunter footwear with one complete single hero shoe per panel: dark-green Original Tall Rain Boot, yellow PLAY Short Rain Boot, black Original Chelsea Boot, brown Southall insulated duck boot, red waterproof rubber mule and navy webbing sandal. Materials: leather, suede, canvas, mesh, rubber and technical textiles. Palette: brand-signature neutrals and seasonal colour accents.",Add this brand and create a category-appropriate moodboard. catalog_added_and_generated,"product-only Hunter footwear with one complete single hero shoe per panel: dark-green Original Tall Rain Boot, yellow PLAY Short Rain Boot, black Original Chelsea Boot, brown Southall insulated duck boot, red waterproof rubber mule and navy webbing sandal","product-only Hunter footwear with one complete single hero shoe per panel: dark-green Original Tall Rain Boot, yellow PLAY Short Rain Boot, black Original Chelsea Boot, brown Southall insulated duck boot, red waterproof rubber mule and navy webbing sandal","leather, suede, canvas, mesh, rubber and technical textiles",brand-signature neutrals and seasonal colour accents,0.344220,0.227192,-0.117028,0.754658,0.159472,"Aesthetic: product-only Hunter footwear with one complete single hero shoe per panel: dark-green Original Tall Rain Boot, yellow PLAY Short Rain Boot, black Original Chelsea Boot, brown Southall insulated duck boot, red waterproof rubber mule and navy webbing sandal. Silhouettes: product-only Hunter footwear with one complete single hero shoe per panel: dark-green Original Tall Rain Boot, yellow PLAY Short Rain Boot, black Original Chelsea Boot, brown Southall insulated duck boot, red waterproof rubber mule and navy webbing sandal. Materials: leather, suede, canvas, mesh, rubber and technical textiles. Palette: brand-signature neutrals and seasonal colour accents.",0.344220,False,-0.000000
ER-313,Michael Kors,clothes,ios/BrandMoodboardFinder/BrandMoodboardFinder/BrandMoodboards/v2__clothes__michael_kors.jpg,False,"Aesthetic: Michael Kors clothing expressing polished New York jet-set sportswear. Silhouettes: fully clothed adult looks: camel belted coat with tailoring, black sequined knit dress, crisp white trouser suit, printed satin-crepe dress, striped knit polo dress and an olive utility jacket with wide trousers. Materials: cotton, wool, denim, leather, knit and technical seasonal fabrics. Palette: camel, black, white, gold, olive and one cobalt accent with clean city light.",Add this brand and create a category-appropriate moodboard. catalog_added_and_generated,Michael Kors clothing expressing polished New York jet-set sportswear,"fully clothed adult looks: camel belted coat with tailoring, black sequined knit dress, crisp white trouser suit, printed satin-crepe dress, striped knit polo dress and an olive utility jacket with wide trousers","cotton, wool, denim, leather, knit and technical seasonal fabrics","camel, black, white, gold, olive and one cobalt accent with clean city light",0.344272,0.245883,-0.098388,0.757764,0.157453,"Aesthetic: Michael Kors clothing expressing polished New York jet-set sportswear. Silhouettes: fully clothed adult looks: camel belted coat with tailoring, black sequined knit dress, crisp white trouser suit, printed satin-crepe dress, striped knit polo dress and an olive utility jacket with wide trousers. Materials: cotton, wool, denim, leather, knit and technical seasonal fabrics. Palette: camel, black, white, gold, olive and one cobalt accent with clean city light.",0.344272,False,-0.000000
ER-312,Missoni,clothes,ios/BrandMoodboardFinder/BrandMoodboardFinder/BrandMoodboards/v2__clothes__missoni.jpg,False,"Aesthetic: Missoni clothing celebrating Italian knitwear colour and rhythm. Silhouettes: fully clothed adult looks: multicolour zigzag maxi dress, tone-on-tone white raschel cardigan, pink-rust chevron cardigan with skirt, blue-green macro-zigzag mens cardigan, lightweight striped knit trouser set and a refined chevron polo mini dress over opaque tights. Materials: cotton, wool, denim, leather, knit and technical seasonal fabrics. Palette: saturated orange, violet, turquoise, pink, green and cream.",Add this brand and create a category-appropriate moodboard. catalog_added_and_generated,Missoni clothing celebrating Italian knitwear colour and rhythm,"fully clothed adult looks: multicolour zigzag maxi dress, tone-on-tone white raschel cardigan, pink-rust chevron cardigan with skirt, blue-green macro-zigzag mens cardigan, lightweight striped knit trouser set and a refined chevron polo mini dress over opaque tights","cotton, wool, denim, leather, knit and technical seasonal fabrics","saturated orange, violet, turquoise, pink, green and cream",0.344505,0.248236,-0.096269,0.760870,0.155435,"Aesthetic: Missoni clothing celebrating Italian knitwear colour and rhythm. Silhouettes: fully clothed adult looks: multicolour zigzag maxi dress, tone-on-tone white raschel cardigan, pink-rust chevron cardigan with skirt, blue-green macro-zigzag mens cardigan, lightweight striped knit trouser set and a refined chevron polo mini dress over opaque tights. Materials: cotton, wool, denim, leather, knit and technical seasonal fabrics. Palette: saturated orange, violet, turquoise, pink, green and cream.",0.344505,False,0.000000
ER-079,Maria Cher,clothes,ios/BrandMoodboardFinder/BrandMoodboardFinder/BrandMoodboards/v2__clothes__maria_cher.jpg,False,"Aesthetic: argentinian, feminine, bohemian, polished, print-led. Silhouettes: printed dresses, blouses, leather jackets, tailored pants. Materials: silk, cotton, leather, viscose. Palette: black, cream, florals, earth tones.",Close vibe. same 2 items repeated twice. swap the leather jacket - not a core piece regenerated,"argentinian, feminine, bohemian, polished, print-led","printed dresses, blouses, leather jackets, tailored pants","silk, cotton, leather, viscose","black, cream, florals, earth tones",0.345368,0.214934,-0.130435,0.763975,0.153416,"Aesthetic: argentinian, feminine, bohemian, polished, print-led. Silhouettes: printed dresses, blouses, leather jackets, tailored pants. Materials: silk, cotton, leather, viscose. Palette: black, cream, florals, earth tones.",0.345368,False,0.000000
ER-310,Mango,clothes,ios/BrandMoodboardFinder/BrandMoodboardFinder/BrandMoodboards/v2__clothes__mango.jpg,False,"Aesthetic: Mango clothing expressing modern Barcelona high-street polish. Silhouettes: fully clothed adult looks: straight linen-blend blazer with wide trousers, A-line linen dress, oversized cotton jacket with straight pants, satin gathered midi dress, high-waisted mom jeans with crisp poplin shirt and a lyocell bomber look. Materials: cotton, wool, denim, leather, knit and technical seasonal fabrics. Palette: black, off-white, burnt orange, medium blue, pale pink and chocolate with warm city light.",Add this brand and create a category-appropriate moodboard. catalog_added_and_generated,Mango clothing expressing modern Barcelona high-street polish,"fully clothed adult looks: straight linen-blend blazer with wide trousers, A-line linen dress, oversized cotton jacket with straight pants, satin gathered midi dress, high-waisted mom jeans with crisp poplin shirt and a lyocell bomber look","cotton, wool, denim, leather, knit and technical seasonal fabrics","black, off-white, burnt orange, medium blue, pale pink and chocolate with warm city light",0.345381,0.235157,-0.110224,0.767081,0.151398,"Aesthetic: Mango clothing expressing modern Barcelona high-street polish. Silhouettes: fully clothed adult looks: straight linen-blend blazer with wide trousers, A-line linen dress, oversized cotton jacket with straight pants, satin gathered midi dress, high-waisted mom jeans with crisp poplin shirt and a lyocell bomber look. Materials: cotton, wool, denim, leather, knit and technical seasonal fabrics. Palette: black, off-white, burnt orange, medium blue, pale pink and chocolate with warm city light.",0.345381,False,-0.000000
ER-007,Atlein,clothes,ios/BrandMoodboardFinder/BrandMoodboardFinder/BrandMoodboards/v2__clothes__atlein.jpg,False,"Aesthetic: sensual, draped, contemporary, fluid. Silhouettes: draped jersey dresses, ruched silhouettes, fluid cuts. Materials: jersey, technical knit, silk. Palette: black, ivory, deep tones.",3 times the same image regenerated,"sensual, draped, contemporary, fluid","draped jersey dresses, ruched silhouettes, fluid cuts","jersey, technical knit, silk","black, ivory, deep tones",0.345555,0.201681,-0.143873,0.770186,0.149379,"Aesthetic: sensual, draped, contemporary, fluid. Silhouettes: draped jersey dresses, ruched silhouettes, fluid cuts. Materials: jersey, technical knit, silk. Palette: black, ivory, deep tones.",0.345555,False,-0.000000
ER-064,Liberowe,clothes,ios/BrandMoodboardFinder/BrandMoodboardFinder/BrandMoodboards/v2__clothes__liberowe.jpg,False,"Aesthetic: tailored, vintage-inspired, sharp, feminine, refined. Silhouettes: nipped blazers, waistcoats, tailored trousers, silk shirts. Materials: wool, silk, cotton, velvet. Palette: black, ivory, tobacco, navy.",3 of the same item on images. regenerated,"tailored, vintage-inspired, sharp, feminine, refined","nipped blazers, waistcoats, tailored trousers, silk shirts","wool, silk, cotton, velvet","black, ivory, tobacco, navy",0.345876,0.247409,-0.098467,0.773292,0.147360,"Aesthetic: tailored, vintage-inspired, sharp, feminine, refined. Silhouettes: nipped blazers, waistcoats, tailored trousers, silk shirts. Materials: wool, silk, cotton, velvet. Palette: black, ivory, tobacco, navy.",0.345876,False,0.000000
ER-058,Karoline Vitto,clothes,ios/BrandMoodboardFinder/BrandMoodboardFinder/BrandMoodboards/v2__clothes__karoline_vitto.jpg,False,"Aesthetic: body-positive, sculptural, sensual, precise, metal-accented. Silhouettes: cut-out dresses, one wire-frame bra look, curved metal-frame tops and fitted skirts. Materials: stretch jersey, polished metal wire, lycra and soft tailoring fabric. Palette: black, espresso, oxblood, silver and one saturated colour accent.","Close vibe. 2 pairs of the same images. worth adding a new colour for the swapped out images, not black regenerated","body-positive, sculptural, sensual, precise, metal-accented","cut-out dresses, one wire-frame bra look, curved metal-frame tops and fitted skirts","stretch jersey, polished metal wire, lycra and soft tailoring fabric","black, espresso, oxblood, silver and one saturated colour accent",0.346279,0.205242,-0.141037,0.776398,0.145342,"Aesthetic: body-positive, sculptural, sensual, metal-accented, modern. Silhouettes: cut-out dresses, metal-frame tops, fitted skirts, swimwear. Materials: stretch jersey, metal hardware, lycra. Palette: black, silver, red, espresso.",0.330496,True,0.015783
ER-049,HOPE Stockholm,clothes,ios/BrandMoodboardFinder/BrandMoodboardFinder/BrandMoodboards/v2__clothes__hope_stockholm.jpg,False,"Aesthetic: minimal, functional, androgynous, considered. Silhouettes: utilitarian tailoring, easy trousers, clean shirting. Materials: wool, cotton, technical. Palette: navy, grey, ecru, black.",close vibe. but 3 pairs of repeated images regenerated,"minimal, functional, androgynous, considered","utilitarian tailoring, easy trousers, clean shirting","wool, cotton, technical","navy, grey, ecru, black",0.347413,0.226523,-0.120890,0.779503,0.143323,"Aesthetic: minimal, functional, androgynous, considered. Silhouettes: utilitarian tailoring, easy trousers, clean shirting. Materials: wool, cotton, technical. Palette: navy, grey, ecru, black.",0.347413,False,0.000000
ER-249,DeMellier,bags,ios/BrandMoodboardFinder/BrandMoodboardFinder/BrandMoodboards/v2__bags__demellier.jpg,False,"Aesthetic: minimal, refined, structured, considered, polished. Silhouettes: structured handbags, clean totes, sculpted crossbodies. Materials: smooth and grained leather. Palette: tan, black, navy, jewel tones.","Needs to be more chic. Maybe because every bag on the board has the big clasp, but actually a lot of them are more subtle. regenerated","minimal, refined, structured, considered, polished","structured handbags, clean totes, sculpted crossbodies",smooth and grained leather,"tan, black, navy, jewel tones",0.347431,0.284714,-0.062718,0.782609,0.141304,"Aesthetic: minimal, refined, structured, considered, polished. Silhouettes: structured handbags, clean totes, sculpted crossbodies. Materials: smooth and grained leather. Palette: tan, black, navy, jewel tones.",0.347431,False,0.000000
ER-357,Zoe Mohm,jewellery,ios/BrandMoodboardFinder/BrandMoodboardFinder/BrandMoodboards/v2__jewellery__zoe_mohm.jpg,False,"Aesthetic: Zoé Mohm jewellery with exactly one different hand-built talisman per panel: sculptural silver mermaid ring, oxidised-silver bull ring, hand-woven silver-wire cuff, hammered eye pendant, brass hand pendant and an abstract horn-like lost-wax silver ring. Silhouettes: Zoé Mohm jewellery with exactly one different hand-built talisman per panel: sculptural silver mermaid ring, oxidised-silver bull ring, hand-woven silver-wire cuff, hammered eye pendant, brass hand pendant and an abstract horn-like lost-wax silver ring. Materials: gold, silver, enamel, pearls, crystals and gemstones. Palette: brand-signature neutrals and seasonal colour accents.",Add this brand and create a category-appropriate moodboard. catalog_added_and_generated,"Zoé Mohm jewellery with exactly one different hand-built talisman per panel: sculptural silver mermaid ring, oxidised-silver bull ring, hand-woven silver-wire cuff, hammered eye pendant, brass hand pendant and an abstract horn-like lost-wax silver ring","Zoé Mohm jewellery with exactly one different hand-built talisman per panel: sculptural silver mermaid ring, oxidised-silver bull ring, hand-woven silver-wire cuff, hammered eye pendant, brass hand pendant and an abstract horn-like lost-wax silver ring","gold, silver, enamel, pearls, crystals and gemstones",brand-signature neutrals and seasonal colour accents,0.347432,0.261440,-0.085992,0.785714,0.139286,"Aesthetic: Zoé Mohm jewellery with exactly one different hand-built talisman per panel: sculptural silver mermaid ring, oxidised-silver bull ring, hand-woven silver-wire cuff, hammered eye pendant, brass hand pendant and an abstract horn-like lost-wax silver ring. Silhouettes: Zoé Mohm jewellery with exactly one different hand-built talisman per panel: sculptural silver mermaid ring, oxidised-silver bull ring, hand-woven silver-wire cuff, hammered eye pendant, brass hand pendant and an abstract horn-like lost-wax silver ring. Materials: gold, silver, enamel, pearls, crystals and gemstones. Palette: brand-signature neutrals and seasonal colour accents.",0.347432,False,-0.000000
ER-245,Comme des Garçons,bags,ios/BrandMoodboardFinder/BrandMoodboardFinder/BrandMoodboards/v2__bags__comme_des_garcons.jpg,False,"Aesthetic: conceptual, deconstructed, graphic, experimental, austere. Silhouettes: wallet pouches, sculptural totes, graphic carryalls, compact bags. Materials: leather, pvc, canvas, nylon. Palette: black, white, red, metallic, graphic print.",Vibe off. The rope silver one and tote look off. W orth adding a tote with C DG logo regenerated,"conceptual, deconstructed, graphic, experimental, austere","wallet pouches, sculptural totes, graphic carryalls, compact bags","leather, pvc, canvas, nylon","black, white, red, metallic, graphic print",0.347486,0.289817,-0.057669,0.788820,0.137267,"Aesthetic: conceptual, deconstructed, graphic, experimental, austere. Silhouettes: wallet pouches, sculptural totes, graphic carryalls, compact bags. Materials: leather, pvc, canvas, nylon. Palette: black, white, red, metallic, graphic print.",0.347486,False,0.000000
ER-345,Gucci,shoes,ios/BrandMoodboardFinder/BrandMoodboardFinder/BrandMoodboards/v2__shoes__gucci.jpg,False,"Aesthetic: product-only Gucci footwear with one complete single hero shoe per panel: black leather Horsebit 1953 loafer, red leather Princetown backless slipper, white-green Ace low-top sneaker, beige distressed Screener sneaker, burgundy Vittoria slingback pump and dark-brown sleek ankle boot. Silhouettes: product-only Gucci footwear with one complete single hero shoe per panel: black leather Horsebit 1953 loafer, red leather Princetown backless slipper, white-green Ace low-top sneaker, beige distressed Screener sneaker, burgundy Vittoria slingback pump and dark-brown sleek ankle boot. Materials: leather, suede, canvas, mesh, rubber and technical textiles. Palette: restrained horsebit and web-stripe house codes only where structurally appropriate, with every silhouette distinct.",Add this brand and create a category-appropriate moodboard. catalog_added_and_generated,"product-only Gucci footwear with one complete single hero shoe per panel: black leather Horsebit 1953 loafer, red leather Princetown backless slipper, white-green Ace low-top sneaker, beige distressed Screener sneaker, burgundy Vittoria slingback pump and dark-brown sleek ankle boot","product-only Gucci footwear with one complete single hero shoe per panel: black leather Horsebit 1953 loafer, red leather Princetown backless slipper, white-green Ace low-top sneaker, beige distressed Screener sneaker, burgundy Vittoria slingback pump and dark-brown sleek ankle boot","leather, suede, canvas, mesh, rubber and technical textiles","restrained horsebit and web-stripe house codes only where structurally appropriate, with every silhouette distinct",0.347683,0.242895,-0.104788,0.791925,0.135248,"Aesthetic: product-only Gucci footwear with one complete single hero shoe per panel: black leather Horsebit 1953 loafer, red leather Princetown backless slipper, white-green Ace low-top sneaker, beige distressed Screener sneaker, burgundy Vittoria slingback pump and dark-brown sleek ankle boot. Silhouettes: product-only Gucci footwear with one complete single hero shoe per panel: black leather Horsebit 1953 loafer, red leather Princetown backless slipper, white-green Ace low-top sneaker, beige distressed Screener sneaker, burgundy Vittoria slingback pump and dark-brown sleek ankle boot. Materials: leather, suede, canvas, mesh, rubber and technical textiles. Palette: restrained horsebit and web-stripe house codes only where structurally appropriate, with every silhouette distinct.",0.347683,False,-0.000000
ER-151,Universal Works,clothes,ios/BrandMoodboardFinder/BrandMoodboardFinder/BrandMoodboards/v2__clothes__universal_works.jpg,False,"Aesthetic: utilitarian, workwear, relaxed, craft. Silhouettes: work jackets, easy trousers, soft knits, overshirts. Materials: cotton, wool, corduroy. Palette: ecru, navy, olive, brown.","close vibe, 3 of the same image regenerated","utilitarian, workwear, relaxed, craft","work jackets, easy trousers, soft knits, overshirts","cotton, wool, corduroy","ecru, navy, olive, brown",0.347952,0.182689,-0.165263,0.795031,0.133230,"Aesthetic: utilitarian, workwear, relaxed, craft. Silhouettes: work jackets, easy trousers, soft knits, overshirts. Materials: cotton, wool, corduroy. Palette: ecru, navy, olive, brown.",0.347952,False,0.000000
ER-327,Oner Active,clothes,ios/BrandMoodboardFinder/BrandMoodboardFinder/BrandMoodboards/v2__clothes__oner_active.jpg,False,"Aesthetic: Oner Active womenswear focused on confident strength training and versatile movement. Silhouettes: fully clothed adult athletic looks across varied body types: Effortless seamless leggings with a waist-length training top, UnifiedMove jacket with pocket leggings, SoftMotion long-sleeve Pilates set, Timeless square-neck vest with full-length trousers, relaxed midweight sweatshirt and joggers, and technical shorts layered over fitted training tights. Materials: cotton, wool, denim, leather, knit and technical seasonal fabrics. Palette: black, cocoa, earth green, granite blue, rosewood and charged pink.",Add this brand and create a category-appropriate moodboard. catalog_added_and_generated,Oner Active womenswear focused on confident strength training and versatile movement,"fully clothed adult athletic looks across varied body types: Effortless seamless leggings with a waist-length training top, UnifiedMove jacket with pocket leggings, SoftMotion long-sleeve Pilates set, Timeless square-neck vest with full-length trousers, relaxed midweight sweatshirt and joggers, and technical shorts layered over fitted training tights","cotton, wool, denim, leather, knit and technical seasonal fabrics","black, cocoa, earth green, granite blue, rosewood and charged pink",0.348538,0.229297,-0.119241,0.798137,0.131211,"Aesthetic: Oner Active womenswear focused on confident strength training and versatile movement. Silhouettes: fully clothed adult athletic looks across varied body types: Effortless seamless leggings with a waist-length training top, UnifiedMove jacket with pocket leggings, SoftMotion long-sleeve Pilates set, Timeless square-neck vest with full-length trousers, relaxed midweight sweatshirt and joggers, and technical shorts layered over fitted training tights. Materials: cotton, wool, denim, leather, knit and technical seasonal fabrics. Palette: black, cocoa, earth green, granite blue, rosewood and charged pink.",0.348538,False,-0.000000
ER-329,Palm Angels,clothes,ios/BrandMoodboardFinder/BrandMoodboardFinder/BrandMoodboards/v2__clothes__palm_angels.jpg,False,"Aesthetic: Palm Angels clothing combining Los Angeles skate attitude with Milan luxury streetwear. Silhouettes: fully clothed adult looks: black-white classic track jacket and pants, purple velour track set, palm-print camp shirt with plain trousers, flame-motif knit, distressed denim jacket look and a dark-grey varsity jacket with wide trousers. Materials: cotton, wool, denim, leather, knit and technical seasonal fabrics. Palette: black, white, purple, sunset orange, washed blue and dark grey.",Add this brand and create a category-appropriate moodboard. catalog_added_and_generated,Palm Angels clothing combining Los Angeles skate attitude with Milan luxury streetwear,"fully clothed adult looks: black-white classic track jacket and pants, purple velour track set, palm-print camp shirt with plain trousers, flame-motif knit, distressed denim jacket look and a dark-grey varsity jacket with wide trousers","cotton, wool, denim, leather, knit and technical seasonal fabrics","black, white, purple, sunset orange, washed blue and dark grey",0.348617,0.236519,-0.112098,0.801242,0.129193,"Aesthetic: Palm Angels clothing combining Los Angeles skate attitude with Milan luxury streetwear. Silhouettes: fully clothed adult looks: black-white classic track jacket and pants, purple velour track set, palm-print camp shirt with plain trousers, flame-motif knit, distressed denim jacket look and a dark-grey varsity jacket with wide trousers. Materials: cotton, wool, denim, leather, knit and technical seasonal fabrics. Palette: black, white, purple, sunset orange, washed blue and dark grey.",0.348617,False,0.000000
ER-053,Jil Sander,clothes,ios/BrandMoodboardFinder/BrandMoodboardFinder/BrandMoodboards/v2__clothes__jil_sander.jpg,False,"Aesthetic: minimal, architectural, refined, quiet, precise, sculptural. Silhouettes: clean lines, structured shoulders, elongated coats, fluid trousers. Materials: wool, cashmere, fine cotton, silk, leather. Palette: ivory, stone, black, navy, camel.",close vibe. 2 pairs of repeated images regenerated,"minimal, architectural, refined, quiet, precise, sculptural","clean lines, structured shoulders, elongated coats, fluid trousers","wool, cashmere, fine cotton, silk, leather","ivory, stone, black, navy, camel",0.348896,0.223809,-0.125087,0.804348,0.127174,"Aesthetic: minimal, architectural, refined, quiet, precise, sculptural. Silhouettes: clean lines, structured shoulders, elongated coats, fluid trousers. Materials: wool, cashmere, fine cotton, silk, leather. Palette: ivory, stone, black, navy, camel.",0.348896,False,0.000000
ER-101,Olivia Rubin,clothes,ios/BrandMoodboardFinder/BrandMoodboardFinder/BrandMoodboards/v2__clothes__olivia_rubin.jpg,False,"Aesthetic: playful, colourful, party, feminine, print. Silhouettes: sequin dresses, rainbow knits, print separates. Materials: sequin, viscose, knit. Palette: rainbow, pastel, brights, print.","close vibe, but same 3 items repeated 3 times. regenerated","playful, colourful, party, feminine, print","sequin dresses, rainbow knits, print separates","sequin, viscose, knit","rainbow, pastel, brights, print",0.349181,0.204520,-0.144661,0.807453,0.125155,"Aesthetic: playful, colourful, party, feminine, print. Silhouettes: sequin dresses, rainbow knits, print separates. Materials: sequin, viscose, knit. Palette: rainbow, pastel, brights, print.",0.349181,False,0.000000
ER-031,Derek Lam,clothes,ios/BrandMoodboardFinder/BrandMoodboardFinder/BrandMoodboards/v2__clothes__derek_lam.jpg,False,"Aesthetic: refined, modern, polished, understated, easy. Silhouettes: fluid tailoring, easy dresses, soft knits. Materials: wool, silk, cotton, leather. Palette: black, ivory, navy, earth tones.","2 pairs of the same image. overall close vibe regenerated Medium vibe. brand feels more lu x ury, layering knitwear regenerated","refined, modern, polished, understated, easy","fluid tailoring, easy dresses, soft knits","wool, silk, cotton, leather","black, ivory, navy, earth tones",0.349215,0.283580,-0.065635,0.810559,0.123137,"Aesthetic: refined, modern, polished, understated, easy. Silhouettes: fluid tailoring, easy dresses, soft knits. Materials: wool, silk, cotton, leather. Palette: black, ivory, navy, earth tones.",0.349215,False,-0.000000
ER-338,Adidas,shoes,ios/BrandMoodboardFinder/BrandMoodboardFinder/BrandMoodboards/v2__shoes__adidas.jpg,False,"Aesthetic: product-only adidas footwear with one complete single hero shoe per panel: black-white Samba OG with gum sole, cobalt suede Gazelle Indoor, white-black shell-toe Superstar, yellow-blue SL 72, burgundy Handball Spezial and white technical Adizero EVO SL. Silhouettes: product-only adidas footwear with one complete single hero shoe per panel: black-white Samba OG with gum sole, cobalt suede Gazelle Indoor, white-black shell-toe Superstar, yellow-blue SL 72, burgundy Handball Spezial and white technical Adizero EVO SL. Materials: leather, suede, canvas, mesh, rubber and technical textiles. Palette: clean three-stripe construction but no generated words.",Add this brand and create a category-appropriate moodboard. catalog_added_and_generated,"product-only adidas footwear with one complete single hero shoe per panel: black-white Samba OG with gum sole, cobalt suede Gazelle Indoor, white-black shell-toe Superstar, yellow-blue SL 72, burgundy Handball Spezial and white technical Adizero EVO SL","product-only adidas footwear with one complete single hero shoe per panel: black-white Samba OG with gum sole, cobalt suede Gazelle Indoor, white-black shell-toe Superstar, yellow-blue SL 72, burgundy Handball Spezial and white technical Adizero EVO SL","leather, suede, canvas, mesh, rubber and technical textiles",clean three-stripe construction but no generated words,0.349266,0.225461,-0.123805,0.813665,0.121118,"Aesthetic: product-only adidas footwear with one complete single hero shoe per panel: black-white Samba OG with gum sole, cobalt suede Gazelle Indoor, white-black shell-toe Superstar, yellow-blue SL 72, burgundy Handball Spezial and white technical Adizero EVO SL. Silhouettes: product-only adidas footwear with one complete single hero shoe per panel: black-white Samba OG with gum sole, cobalt suede Gazelle Indoor, white-black shell-toe Superstar, yellow-blue SL 72, burgundy Handball Spezial and white technical Adizero EVO SL. Materials: leather, suede, canvas, mesh, rubber and technical textiles. Palette: clean three-stripe construction but no generated words.",0.349266,False,-0.000000
ER-004,Amazuìn,clothes,ios/BrandMoodboardFinder/BrandMoodboardFinder/BrandMoodboards/v2__clothes__amazuin.jpg,False,"Aesthetic: minimalist, contemporary, refined, ethereal, sensual. Silhouettes: flowing dresses, fitted bodysuits, a-line skirts, sheer overlays. Materials: silk satin, sheer fabrics. Palette: deep black, khaki green, off-white, cocoa, opal.",Medium vibe. 2 pairs of repeat images. Swimwear + clothes. more sensual regenerated,"minimalist, contemporary, refined, ethereal, sensual","flowing dresses, fitted bodysuits, a-line skirts, sheer overlays","silk satin, sheer fabrics","deep black, khaki green, off-white, cocoa, opal",0.349338,0.244306,-0.105032,0.816770,0.119099,"Aesthetic: minimalist, contemporary, refined, ethereal, sensual. Silhouettes: flowing dresses, fitted bodysuits, a-line skirts, sheer overlays. Materials: silk satin, sheer fabrics. Palette: deep black, khaki green, off-white, cocoa, opal.",0.349338,False,-0.000000
ER-120,Saman Amel,clothes,ios/BrandMoodboardFinder/BrandMoodboardFinder/BrandMoodboards/v2__clothes__saman_amel.jpg,False,"Aesthetic: sartorial, refined, soft tailoring, considered, quiet-refined. Silhouettes: soft tailoring, fine knits, fluid trousers. Materials: wool, cashmere, silk. Palette: tobacco, navy, grey, ecru.",Close vibe. repeated image. regenerated,"sartorial, refined, soft tailoring, considered, quiet-refined","soft tailoring, fine knits, fluid trousers","wool, cashmere, silk","tobacco, navy, grey, ecru",0.350074,0.225449,-0.124626,0.819876,0.117081,"Aesthetic: sartorial, refined, soft tailoring, considered, quiet-refined. Silhouettes: soft tailoring, fine knits, fluid trousers. Materials: wool, cashmere, silk. Palette: tobacco, navy, grey, ecru.",0.350074,False,0.000000
ER-289,Carhartt WIP,clothes,ios/BrandMoodboardFinder/BrandMoodboardFinder/BrandMoodboards/v2__clothes__carhartt_wip.jpg,False,"Aesthetic: Carhartt WIP clothing rooted in European streetwear and hard-wearing workwear icons. Silhouettes: fully clothed adult looks or garments: a cropped Detroit jacket with corduroy collar, Michigan chore coat, reinforced Double Knee trousers, hooded Active jacket, loose cargo trousers and a sturdy overshirt. Materials: cotton, wool, denim, leather, knit and technical seasonal fabrics. Palette: Hamilton brown, tobacco, black, dark navy, olive and worn denim with visible canvas grain and triple-stitch construction.",Add this brand and create a category-appropriate moodboard. catalog_added_and_generated,Carhartt WIP clothing rooted in European streetwear and hard-wearing workwear icons,"fully clothed adult looks or garments: a cropped Detroit jacket with corduroy collar, Michigan chore coat, reinforced Double Knee trousers, hooded Active jacket, loose cargo trousers and a sturdy overshirt","cotton, wool, denim, leather, knit and technical seasonal fabrics","Hamilton brown, tobacco, black, dark navy, olive and worn denim with visible canvas grain and triple-stitch construction",0.350291,0.244442,-0.105849,0.822981,0.115062,"Aesthetic: Carhartt WIP clothing rooted in European streetwear and hard-wearing workwear icons. Silhouettes: fully clothed adult looks or garments: a cropped Detroit jacket with corduroy collar, Michigan chore coat, reinforced Double Knee trousers, hooded Active jacket, loose cargo trousers and a sturdy overshirt. Materials: cotton, wool, denim, leather, knit and technical seasonal fabrics. Palette: Hamilton brown, tobacco, black, dark navy, olive and worn denim with visible canvas grain and triple-stitch construction.",0.350291,False,0.000000
ER-299,Good American,clothes,ios/BrandMoodboardFinder/BrandMoodboardFinder/BrandMoodboards/v2__clothes__good_american.jpg,False,"Aesthetic: Good American clothing centered on inclusive, body-confident denim. Silhouettes: fully clothed adult looks across visibly varied body types: Always Fits straight jeans, Good Waist palazzo jeans, Good Legs skinny jeans, vintage wide jeans, classic bootcut jeans and a polished denim-and-oversized-blazer look. Materials: cotton, wool, denim, leather, knit and technical seasonal fabrics. Palette: indigo, pale wash, black denim, white and warm brown with clean Los Angeles studio light.",Add this brand and create a category-appropriate moodboard. catalog_added_and_generated,"Good American clothing centered on inclusive, body-confident denim","fully clothed adult looks across visibly varied body types: Always Fits straight jeans, Good Waist palazzo jeans, Good Legs skinny jeans, vintage wide jeans, classic bootcut jeans and a polished denim-and-oversized-blazer look","cotton, wool, denim, leather, knit and technical seasonal fabrics","indigo, pale wash, black denim, white and warm brown with clean Los Angeles studio light",0.350777,0.235149,-0.115628,0.826087,0.113043,"Aesthetic: Good American clothing centered on inclusive, body-confident denim. Silhouettes: fully clothed adult looks across visibly varied body types: Always Fits straight jeans, Good Waist palazzo jeans, Good Legs skinny jeans, vintage wide jeans, classic bootcut jeans and a polished denim-and-oversized-blazer look. Materials: cotton, wool, denim, leather, knit and technical seasonal fabrics. Palette: indigo, pale wash, black denim, white and warm brown with clean Los Angeles studio light.",0.350777,False,0.000000
ER-122,Sancia,clothes,ios/BrandMoodboardFinder/BrandMoodboardFinder/BrandMoodboards/v2__clothes__sancia.jpg,False,"Aesthetic: considered, easy, soft, sun-warmed, refined. Silhouettes: easy dresses, soft separates, relaxed tailoring. Materials: cotton, linen, leather. Palette: ecru, tan, earthy, soft tones.",Medium vibe. repeated image. more flowy and beachy vibe. regenerated,"considered, easy, soft, sun-warmed, refined","easy dresses, soft separates, relaxed tailoring","cotton, linen, leather","ecru, tan, earthy, soft tones",0.350861,0.289966,-0.060896,0.829193,0.111025,"Aesthetic: considered, easy, soft, sun-warmed, refined. Silhouettes: easy dresses, soft separates, relaxed tailoring. Materials: cotton, linen, leather. Palette: ecru, tan, earthy, soft tones.",0.350861,False,0.000000
ER-133,SOIA & KYO,clothes,ios/BrandMoodboardFinder/BrandMoodboardFinder/BrandMoodboards/v2__clothes__soia_and_kyo.jpg,False,"Aesthetic: refined, urban, considered, sleek, functional. Silhouettes: tailored outerwear, down coats, easy layers. Materials: down, wool, technical. Palette: black, camel, navy, grey.",repeated image. close vibe regenerated,"refined, urban, considered, sleek, functional","tailored outerwear, down coats, easy layers","down, wool, technical","black, camel, navy, grey",0.350995,0.199444,-0.151551,0.832298,0.109006,"Aesthetic: refined, urban, considered, sleek, functional. Silhouettes: tailored outerwear, down coats, easy layers. Materials: down, wool, technical. Palette: black, camel, navy, grey.",0.350995,False,0.000000
ER-134,Spiritual Gangster,clothes,ios/BrandMoodboardFinder/BrandMoodboardFinder/BrandMoodboards/v2__clothes__spiritual_gangster.jpg,False,"Aesthetic: activewear, soft, spiritual, relaxed, easy. Silhouettes: easy joggers, soft tees, lounge sets. Materials: modal, cotton fleece, technical knit. Palette: washed tones, ecru, black, brights.",W ords on the collage. close vibe regenerated,"activewear, soft, spiritual, relaxed, easy","easy joggers, soft tees, lounge sets","modal, cotton fleece, technical knit","washed tones, ecru, black, brights",0.351803,0.208962,-0.142841,0.835404,0.106988,"Aesthetic: activewear, soft, spiritual, relaxed, easy. Silhouettes: easy joggers, soft tees, lounge sets. Materials: modal, cotton fleece, technical knit. Palette: washed tones, ecru, black, brights.",0.351803,False,-0.000000
ER-153,Wales Bonner,clothes,ios/BrandMoodboardFinder/BrandMoodboardFinder/BrandMoodboards/v2__clothes__wales_bonner.jpg,False,"Aesthetic: refined, soulful, considered, craft, elegant. Silhouettes: soft tailoring, knit polos, fluid silhouettes. Materials: wool, cotton, silk, knit. Palette: earthy, ecru, brown, jewel pops.",repeated image. close vibe regenerated,"refined, soulful, considered, craft, elegant","soft tailoring, knit polos, fluid silhouettes","wool, cotton, silk, knit","earthy, ecru, brown, jewel pops",0.352166,0.191869,-0.160297,0.838509,0.104969,"Aesthetic: refined, soulful, considered, craft, elegant. Silhouettes: soft tailoring, knit polos, fluid silhouettes. Materials: wool, cotton, silk, knit. Palette: earthy, ecru, brown, jewel pops.",0.352166,False,-0.000000
ER-185,Davi,shoes,ios/BrandMoodboardFinder/BrandMoodboardFinder/BrandMoodboards/v2__shoes__davi.jpg,False,"Aesthetic: bridal, occasion, feminine, polished, formal. Silhouettes: bridal heels, satin sandals, embellished flats, formal pumps. Materials: satin, faux pearl, crystals, synthetic leather. Palette: ivory, champagne, silver, blush, black.",2 pairs of repeated images. regenerated,"bridal, occasion, feminine, polished, formal","bridal heels, satin sandals, embellished flats, formal pumps","satin, faux pearl, crystals, synthetic leather","ivory, champagne, silver, blush, black",0.352270,0.186659,-0.165612,0.841615,0.102950,"Aesthetic: bridal, occasion, feminine, polished, formal. Silhouettes: bridal heels, satin sandals, embellished flats, formal pumps. Materials: satin, faux pearl, crystals, synthetic leather. Palette: ivory, champagne, silver, blush, black.",0.352270,False,0.000000
ER-084,Masscob,clothes,ios/BrandMoodboardFinder/BrandMoodboardFinder/BrandMoodboards/v2__clothes__masscob.jpg,False,"Aesthetic: romantic, easy, considered, soft, bohemian. Silhouettes: fluid dresses, soft blouses, easy separates. Materials: cotton, silk, linen. Palette: ecru, soft tones, print, earthy.",medium vibe. 2 items repeated 3 times. regenerated,"romantic, easy, considered, soft, bohemian","fluid dresses, soft blouses, easy separates","cotton, silk, linen","ecru, soft tones, print, earthy",0.352793,0.212266,-0.140528,0.844720,0.100932,"Aesthetic: romantic, easy, considered, soft, bohemian. Silhouettes: fluid dresses, soft blouses, easy separates. Materials: cotton, silk, linen. Palette: ecru, soft tones, print, earthy.",0.352793,False,0.000000
ER-030,demylee,clothes,ios/BrandMoodboardFinder/BrandMoodboardFinder/BrandMoodboards/v2__clothes__demylee.jpg,False,"Aesthetic: cashmere-led, relaxed, minimal, preppy, soft. Silhouettes: crewneck sweaters, cardigans, knit polos, easy tees. Materials: cashmere, cotton, wool, linen. Palette: camel, grey, navy, cream, black.",remove words regenerated,"cashmere-led, relaxed, minimal, preppy, soft","crewneck sweaters, cardigans, knit polos, easy tees","cashmere, cotton, wool, linen","camel, grey, navy, cream, black",0.352834,0.178705,-0.174129,0.847826,0.098913,"Aesthetic: cashmere-led, relaxed, minimal, preppy, soft. Silhouettes: crewneck sweaters, cardigans, knit polos, easy tees. Materials: cashmere, cotton, wool, linen. Palette: camel, grey, navy, cream, black.",0.352834,False,-0.000000
ER-339,Golden Goose,shoes,ios/BrandMoodboardFinder/BrandMoodboardFinder/BrandMoodboards/v2__shoes__golden_goose.jpg,False,"Aesthetic: product-only Golden Goose sneaker with one complete single hero shoe per panel: distressed white Super-Star with black star, white-red Ball Star, silver Mid Star high-top, grey mesh Running Sole, black suede Slide high-top and violet nylon Marathon. Silhouettes: product-only Golden Goose sneaker with one complete single hero shoe per panel: distressed white Super-Star with black star, white-red Ball Star, silver Mid Star high-top, grey mesh Running Sole, black suede Slide high-top and violet nylon Marathon. Materials: leather, suede, canvas, mesh, rubber and technical textiles. Palette: brand-signature neutrals and seasonal colour accents.",Add this brand and create a category-appropriate moodboard. catalog_added_and_generated,"product-only Golden Goose sneaker with one complete single hero shoe per panel: distressed white Super-Star with black star, white-red Ball Star, silver Mid Star high-top, grey mesh Running Sole, black suede Slide high-top and violet nylon Marathon","product-only Golden Goose sneaker with one complete single hero shoe per panel: distressed white Super-Star with black star, white-red Ball Star, silver Mid Star high-top, grey mesh Running Sole, black suede Slide high-top and violet nylon Marathon","leather, suede, canvas, mesh, rubber and technical textiles",brand-signature neutrals and seasonal colour accents,0.352840,0.244721,-0.108120,0.850932,0.096894,"Aesthetic: product-only Golden Goose sneaker with one complete single hero shoe per panel: distressed white Super-Star with black star, white-red Ball Star, silver Mid Star high-top, grey mesh Running Sole, black suede Slide high-top and violet nylon Marathon. Silhouettes: product-only Golden Goose sneaker with one complete single hero shoe per panel: distressed white Super-Star with black star, white-red Ball Star, silver Mid Star high-top, grey mesh Running Sole, black suede Slide high-top and violet nylon Marathon. Materials: leather, suede, canvas, mesh, rubber and technical textiles. Palette: brand-signature neutrals and seasonal colour accents.",0.352840,False,0.000000
ER-073,Mackage,clothes,ios/BrandMoodboardFinder/BrandMoodboardFinder/BrandMoodboards/v2__clothes__mackage.jpg,False,"Aesthetic: sleek, urban, technical-refined, structured, sharp. Silhouettes: tailored down coats, leather jackets, structured outerwear. Materials: down, leather, technical wool. Palette: black, camel, navy, grey.",Repeated image. Close vibe. regenerated,"sleek, urban, technical-refined, structured, sharp","tailored down coats, leather jackets, structured outerwear","down, leather, technical wool","black, camel, navy, grey",0.352973,0.206014,-0.146959,0.854037,0.094876,"Aesthetic: sleek, urban, technical-refined, structured, sharp. Silhouettes: tailored down coats, leather jackets, structured outerwear. Materials: down, leather, technical wool. Palette: black, camel, navy, grey.",0.352973,False,-0.000000
ER-029,Deiji Studios,clothes,ios/BrandMoodboardFinder/BrandMoodboardFinder/BrandMoodboards/v2__clothes__deiji_studios.jpg,False,"Aesthetic: minimal, soft, easy, relaxed, considered. Silhouettes: linen separates, easy loungewear, soft basics. Materials: washed linen, cotton. Palette: ecru, sand, black, soft tones.","2 pairs of the same image s Vibe close, but too beige? regenerated","minimal, soft, easy, relaxed, considered","linen separates, easy loungewear, soft basics","washed linen, cotton","ecru, sand, black, soft tones",0.353617,0.243465,-0.110152,0.857143,0.092857,"Aesthetic: minimal, soft, easy, relaxed, considered. Silhouettes: linen separates, easy loungewear, soft basics. Materials: washed linen, cotton. Palette: ecru, sand, black, soft tones.",0.353617,False,-0.000000
ER-028,Day Birger et Mikkelsen,clothes,ios/BrandMoodboardFinder/BrandMoodboardFinder/BrandMoodboards/v2__clothes__day_birger_et_mikkelsen.jpg,False,"Aesthetic: minimal, bohemian-polished, relaxed, refined. Silhouettes: printed dresses, soft tailoring, blouses, knitwear. Materials: silk, viscose, wool, cotton. Palette: black, cream, khaki, muted prints.",remove words form the collage. 2 of the same sweater. regenerated,"minimal, bohemian-polished, relaxed, refined","printed dresses, soft tailoring, blouses, knitwear","silk, viscose, wool, cotton","black, cream, khaki, muted prints",0.353686,0.265070,-0.088616,0.860248,0.090839,"Aesthetic: minimal, bohemian-polished, relaxed, refined. Silhouettes: printed dresses, soft tailoring, blouses, knitwear. Materials: silk, viscose, wool, cotton. Palette: black, cream, khaki, muted prints.",0.353686,False,-0.000000
ER-193,Ines de la Fressange,shoes,ios/BrandMoodboardFinder/BrandMoodboardFinder/BrandMoodboards/v2__shoes__ines_de_la_fressange.jpg,False,"Aesthetic: polished, classic, elegant, effortless, tailored. Silhouettes: loafers, ballet flats, sandals, ankle boots, clean sneakers. Materials: leather, suede, canvas, rubber, textile. Palette: navy, red, white, camel, black.","medium vibe, limited shoe collection regenerated","polished, classic, elegant, effortless, tailored","loafers, ballet flats, sandals, ankle boots, clean sneakers","leather, suede, canvas, rubber, textile","navy, red, white, camel, black",0.353756,0.292040,-0.061716,0.863354,0.088820,"Aesthetic: polished, classic, elegant, effortless, tailored. Silhouettes: loafers, ballet flats, sandals, ankle boots, clean sneakers. Materials: leather, suede, canvas, rubber, textile. Palette: navy, red, white, camel, black.",0.353756,False,0.000000
ER-155,Whistles,clothes,ios/BrandMoodboardFinder/BrandMoodboardFinder/BrandMoodboards/v2__clothes__whistles.jpg,False,"Aesthetic: contemporary, refined, easy, considered, polished. Silhouettes: soft tailoring, easy dresses, relaxed separates. Materials: wool, cotton, viscose. Palette: navy, ecru, black, print.",words on the collage. close vibe regenerated,"contemporary, refined, easy, considered, polished","soft tailoring, easy dresses, relaxed separates","wool, cotton, viscose","navy, ecru, black, print",0.353760,0.208209,-0.145552,0.866460,0.086801,"Aesthetic: contemporary, refined, easy, considered, polished. Silhouettes: soft tailoring, easy dresses, relaxed separates. Materials: wool, cotton, viscose. Palette: navy, ecru, black, print.",0.353760,False,0.000000
ER-017,Camiel Fortgens,clothes,ios/BrandMoodboardFinder/BrandMoodboardFinder/BrandMoodboards/v2__clothes__camiel_fortgens.jpg,False,"Aesthetic: deconstructed, oversized, raw, conceptual, menswear-led. Silhouettes: boxy shirts, raw-edge tailoring, oversized coats, wide trousers. Materials: cotton, wool, denim, canvas. Palette: navy, grey, white, beige, black.","G ood vibe. But this collage has no women, feels male rather than unisex regenerated","deconstructed, oversized, raw, conceptual, menswear-led","boxy shirts, raw-edge tailoring, oversized coats, wide trousers","cotton, wool, denim, canvas","navy, grey, white, beige, black",0.354232,0.256463,-0.097769,0.869565,0.084783,"Aesthetic: deconstructed, oversized, raw, conceptual, menswear-led. Silhouettes: boxy shirts, raw-edge tailoring, oversized coats, wide trousers. Materials: cotton, wool, denim, canvas. Palette: navy, grey, white, beige, black.",0.354232,False,-0.000000
ER-171,Chaco,shoes,ios/BrandMoodboardFinder/BrandMoodboardFinder/BrandMoodboards/v2__shoes__chaco.jpg,False,"Aesthetic: outdoor, utilitarian, durable, sporty, rugged. Silhouettes: sport sandals, adjustable-strap footwear. Materials: webbing, recycled materials, rubber. Palette: earth tones, black, brights.","Close vibe, but same sandals repeated. add more colours and variations regenerated","outdoor, utilitarian, durable, sporty, rugged","sport sandals, adjustable-strap footwear","webbing, recycled materials, rubber","earth tones, black, brights",0.354746,0.286816,-0.067929,0.872671,0.082764,"Aesthetic: outdoor, utilitarian, durable, sporty, rugged. Silhouettes: sport sandals, adjustable-strap footwear. Materials: webbing, recycled materials, rubber. Palette: earth tones, black, brights.",0.354746,False,-0.000000
ER-336,Air Jordan,shoes,ios/BrandMoodboardFinder/BrandMoodboardFinder/BrandMoodboards/v2__shoes__air_jordan.jpg,False,"Aesthetic: product-only Air Jordan footwear with one complete single hero shoe per panel: black-red Air Jordan 1 high, white-blue Air Jordan 3, yellow-black Air Jordan 4, black-white Air Jordan 6, black patent-and-white Air Jordan 11 and a modern wolf-grey Air Jordan 40 performance shoe. Silhouettes: product-only Air Jordan footwear with one complete single hero shoe per panel: black-red Air Jordan 1 high, white-blue Air Jordan 3, yellow-black Air Jordan 4, black-white Air Jordan 6, black patent-and-white Air Jordan 11 and a modern wolf-grey Air Jordan 40 performance shoe. Materials: leather, suede, canvas, mesh, rubber and technical textiles. Palette: brand-signature neutrals and seasonal colour accents.",Add this brand and create a category-appropriate moodboard. catalog_added_and_generated,"product-only Air Jordan footwear with one complete single hero shoe per panel: black-red Air Jordan 1 high, white-blue Air Jordan 3, yellow-black Air Jordan 4, black-white Air Jordan 6, black patent-and-white Air Jordan 11 and a modern wolf-grey Air Jordan 40 performance shoe","product-only Air Jordan footwear with one complete single hero shoe per panel: black-red Air Jordan 1 high, white-blue Air Jordan 3, yellow-black Air Jordan 4, black-white Air Jordan 6, black patent-and-white Air Jordan 11 and a modern wolf-grey Air Jordan 40 performance shoe","leather, suede, canvas, mesh, rubber and technical textiles",brand-signature neutrals and seasonal colour accents,0.354919,0.226770,-0.128149,0.875776,0.080745,"Aesthetic: product-only Air Jordan footwear with one complete single hero shoe per panel: black-red Air Jordan 1 high, white-blue Air Jordan 3, yellow-black Air Jordan 4, black-white Air Jordan 6, black patent-and-white Air Jordan 11 and a modern wolf-grey Air Jordan 40 performance shoe. Silhouettes: product-only Air Jordan footwear with one complete single hero shoe per panel: black-red Air Jordan 1 high, white-blue Air Jordan 3, yellow-black Air Jordan 4, black-white Air Jordan 6, black patent-and-white Air Jordan 11 and a modern wolf-grey Air Jordan 40 performance shoe. Materials: leather, suede, canvas, mesh, rubber and technical textiles. Palette: brand-signature neutrals and seasonal colour accents.",0.354919,False,-0.000000
ER-152,Veronica Beard,clothes,ios/BrandMoodboardFinder/BrandMoodboardFinder/BrandMoodboards/v2__clothes__veronica_beard.jpg,False,"Aesthetic: polished, preppy, refined, sharp, modern. Silhouettes: signature blazers, tailored separates, easy dresses. Materials: cotton, wool, denim. Palette: navy, ivory, black, print.",repeated image. close vibe but can use more outfits regenerated,"polished, preppy, refined, sharp, modern","signature blazers, tailored separates, easy dresses","cotton, wool, denim","navy, ivory, black, print",0.355083,0.242743,-0.112339,0.878882,0.078727,"Aesthetic: polished, preppy, refined, sharp, modern. Silhouettes: signature blazers, tailored separates, easy dresses. Materials: cotton, wool, denim. Palette: navy, ivory, black, print.",0.355083,False,-0.000000
ER-040,Gabriela Hearst,clothes,ios/BrandMoodboardFinder/BrandMoodboardFinder/BrandMoodboards/v2__clothes__gabriela_hearst.jpg,False,"Aesthetic: restrained refinement, considered, refined, sustainable, tactile. Silhouettes: fluid tailoring, sculpted knits, soft coats. Materials: cashmere, wool, leather, silk. Palette: camel, ivory, earth tones, black.",3 images of the same cardigan details regenerated,"restrained refinement, considered, refined, sustainable, tactile","fluid tailoring, sculpted knits, soft coats","cashmere, wool, leather, silk","camel, ivory, earth tones, black",0.355969,0.271294,-0.084676,0.881988,0.076708,"Aesthetic: restrained refinement, considered, refined, sustainable, tactile. Silhouettes: fluid tailoring, sculpted knits, soft coats. Materials: cashmere, wool, leather, silk. Palette: camel, ivory, earth tones, black.",0.355969,False,0.000000
ER-038,Ferragamo,clothes,ios/BrandMoodboardFinder/BrandMoodboardFinder/BrandMoodboards/v2__clothes__ferragamo.jpg,False,"Aesthetic: refined, heritage-refined, polished, sensual, sleek. Silhouettes: fluid tailoring, leather pieces, easy dresses. Materials: leather, silk, wool. Palette: red, black, ivory, tan.",Close vibe. repeated image regenerated,"refined, heritage-refined, polished, sensual, sleek","fluid tailoring, leather pieces, easy dresses","leather, silk, wool","red, black, ivory, tan",0.356317,0.208469,-0.147848,0.885093,0.074689,"Aesthetic: refined, heritage-refined, polished, sensual, sleek. Silhouettes: fluid tailoring, leather pieces, easy dresses. Materials: leather, silk, wool. Palette: red, black, ivory, tan.",0.356317,False,-0.000000
ER-117,rag&bone,clothes,ios/BrandMoodboardFinder/BrandMoodboardFinder/BrandMoodboards/v2__clothes__rag_and_bone.jpg,False,"Aesthetic: downtown, refined, denim-led, utilitarian, cool. Silhouettes: tailored denim, sharp separates, easy outerwear. Materials: denim, wool, leather. Palette: indigo, black, ecru, grey.",close vibe. 2 pairs of repeated images regenerated,"downtown, refined, denim-led, utilitarian, cool","tailored denim, sharp separates, easy outerwear","denim, wool, leather","indigo, black, ecru, grey",0.356513,0.221580,-0.134933,0.888199,0.072671,"Aesthetic: downtown, refined, denim-led, utilitarian, cool. Silhouettes: tailored denim, sharp separates, easy outerwear. Materials: denim, wool, leather. Palette: indigo, black, ecru, grey.",0.356513,False,-0.000000
ER-287,Calvin Klein / Calvin Klein Jeans,clothes,ios/BrandMoodboardFinder/BrandMoodboardFinder/BrandMoodboards/v2__clothes__calvin_klein_calvin_klein_jeans.jpg,False,"Aesthetic: Calvin Klein and Calvin Klein Jeans clothing expressing clean New York minimalism and current relaxed denim. Silhouettes: fully clothed adult looks or garments: a washed-blue 90s straight jean look, low-rise baggy denim, denim trucker jacket, crisp white tee-and-trouser look, lean black tailoring and a restrained black technical outerwear look. Materials: cotton, wool, denim, leather, knit and technical seasonal fabrics. Palette: indigo, pale blue, white, black and concrete grey with spare studio light.",Add this brand and create a category-appropriate moodboard. catalog_added_and_generated,Calvin Klein and Calvin Klein Jeans clothing expressing clean New York minimalism and current relaxed denim,"fully clothed adult looks or garments: a washed-blue 90s straight jean look, low-rise baggy denim, denim trucker jacket, crisp white tee-and-trouser look, lean black tailoring and a restrained black technical outerwear look","cotton, wool, denim, leather, knit and technical seasonal fabrics","indigo, pale blue, white, black and concrete grey with spare studio light",0.357074,0.258463,-0.098610,0.891304,0.070652,"Aesthetic: Calvin Klein and Calvin Klein Jeans clothing expressing clean New York minimalism and current relaxed denim. Silhouettes: fully clothed adult looks or garments: a washed-blue 90s straight jean look, low-rise baggy denim, denim trucker jacket, crisp white tee-and-trouser look, lean black tailoring and a restrained black technical outerwear look. Materials: cotton, wool, denim, leather, knit and technical seasonal fabrics. Palette: indigo, pale blue, white, black and concrete grey with spare studio light.",0.357074,False,-0.000000
ER-281,Balmain,clothes,ios/BrandMoodboardFinder/BrandMoodboardFinder/BrandMoodboards/v2__clothes__balmain.jpg,False,"Aesthetic: Balmain ready-to-wear centered on architectural Paris tailoring. Silhouettes: fully clothed adult looks: sharp black double-breasted blazer with six gold buttons, sculpted-shoulder mini dress, crystal-embroidered evening jacket, military wool coat, structured leather jacket and clean high-waisted trouser suit. Materials: cotton, wool, denim, leather, knit and technical seasonal fabrics. Palette: black, white, gold and one jewel-tone accent.",Add this brand and create a category-appropriate moodboard. catalog_added_and_generated,Balmain ready-to-wear centered on architectural Paris tailoring,"fully clothed adult looks: sharp black double-breasted blazer with six gold buttons, sculpted-shoulder mini dress, crystal-embroidered evening jacket, military wool coat, structured leather jacket and clean high-waisted trouser suit","cotton, wool, denim, leather, knit and technical seasonal fabrics","black, white, gold and one jewel-tone accent",0.357160,0.240045,-0.117116,0.894410,0.068634,"Aesthetic: Balmain ready-to-wear centered on architectural Paris tailoring. Silhouettes: fully clothed adult looks: sharp black double-breasted blazer with six gold buttons, sculpted-shoulder mini dress, crystal-embroidered evening jacket, military wool coat, structured leather jacket and clean high-waisted trouser suit. Materials: cotton, wool, denim, leather, knit and technical seasonal fabrics. Palette: black, white, gold and one jewel-tone accent.",0.357160,False,0.000000
ER-107,OVNA OVICH,clothes,ios/BrandMoodboardFinder/BrandMoodboardFinder/BrandMoodboards/v2__clothes__ovna_ovich.jpg,False,"Aesthetic: sustainable, sculptural, natural, experimental, soft. Silhouettes: draped dresses, oversized coats, relaxed tailoring, artful tops. Materials: organic cotton, hemp, wool, silk. Palette: black, natural, rust, olive.",2 pairs of repeated images. medium vibe - needs more rela x ed styling. regenerated,"sustainable, sculptural, natural, experimental, soft","draped dresses, oversized coats, relaxed tailoring, artful tops","organic cotton, hemp, wool, silk","black, natural, rust, olive",0.357971,0.253747,-0.104224,0.897516,0.066615,"Aesthetic: sustainable, sculptural, natural, experimental, soft. Silhouettes: draped dresses, oversized coats, relaxed tailoring, artful tops. Materials: organic cotton, hemp, wool, silk. Palette: black, natural, rust, olive.",0.357971,False,-0.000000
ER-332,Puma,clothes,ios/BrandMoodboardFinder/BrandMoodboardFinder/BrandMoodboards/v2__clothes__puma.jpg,False,"Aesthetic: PUMA apparel centered on T7 heritage and current sport style. Silhouettes: fully clothed adult looks: black-white classic T7 track set, relaxed garnet tartan T7 jacket look, earth-green cropped T7 jacket with straight trousers, technical running shell with tights, loose basketball warm-up set and a PUMATECH utility jacket with four-way-stretch pants. Materials: cotton, wool, denim, leather, knit and technical seasonal fabrics. Palette: black, buttercream, garnet, Persian blue, earthy green and one red accent.",Add this brand and create a category-appropriate moodboard. catalog_added_and_generated,PUMA apparel centered on T7 heritage and current sport style,"fully clothed adult looks: black-white classic T7 track set, relaxed garnet tartan T7 jacket look, earth-green cropped T7 jacket with straight trousers, technical running shell with tights, loose basketball warm-up set and a PUMATECH utility jacket with four-way-stretch pants","cotton, wool, denim, leather, knit and technical seasonal fabrics","black, buttercream, garnet, Persian blue, earthy green and one red accent",0.358582,0.242403,-0.116180,0.900621,0.064596,"Aesthetic: PUMA apparel centered on T7 heritage and current sport style. Silhouettes: fully clothed adult looks: black-white classic T7 track set, relaxed garnet tartan T7 jacket look, earth-green cropped T7 jacket with straight trousers, technical running shell with tights, loose basketball warm-up set and a PUMATECH utility jacket with four-way-stretch pants. Materials: cotton, wool, denim, leather, knit and technical seasonal fabrics. Palette: black, buttercream, garnet, Persian blue, earthy green and one red accent.",0.358582,False,0.000000
ER-156,Yigal Azrouel,clothes,ios/BrandMoodboardFinder/BrandMoodboardFinder/BrandMoodboards/v2__clothes__yigal_azrouel.jpg,False,"Aesthetic: sensual, draped, refined, modern, sculptural. Silhouettes: draped dresses, fluid separates, sharp cuts. Materials: jersey, silk, technical knit. Palette: black, ivory, deep tones.",2 pairs of repeated images. close vibe regenerated,"sensual, draped, refined, modern, sculptural","draped dresses, fluid separates, sharp cuts","jersey, silk, technical knit","black, ivory, deep tones",0.358653,0.232277,-0.126376,0.903727,0.062578,"Aesthetic: sensual, draped, refined, modern, sculptural. Silhouettes: draped dresses, fluid separates, sharp cuts. Materials: jersey, silk, technical knit. Palette: black, ivory, deep tones.",0.358653,False,-0.000000
ER-043,Girlfriend Collective,clothes,ios/BrandMoodboardFinder/BrandMoodboardFinder/BrandMoodboards/v2__clothes__girlfriend_collective.jpg,False,"Aesthetic: inclusive activewear, sustainable, clean, warm, everyday. Silhouettes: leggings, bike shorts, sports bras, unitards, tennis dresses, track sets and relaxed sweats. Materials: recycled performance knit, stretch jersey, fleece and ribbed technical fabric. Palette: earthy sage, slate blue, plum, mustard, terracotta, cream and black.","Has words on the collage. the vibe needs more colours, they are known for that over earthy tones regenerated","inclusive activewear, sustainable, clean, warm, everyday","leggings, bike shorts, sports bras, unitards, tennis dresses, track sets and relaxed sweats","recycled performance knit, stretch jersey, fleece and ribbed technical fabric","earthy sage, slate blue, plum, mustard, terracotta, cream and black",0.358707,0.186799,-0.171908,0.906832,0.060559,"Aesthetic: activewear, sustainable, minimal, inclusive, clean. Silhouettes: leggings, sport bras, easy sets. Materials: recycled performance knit. Palette: muted tones, black, earth, dusty.",0.323538,True,0.035169
ER-240,Chan Luu,bags,ios/BrandMoodboardFinder/BrandMoodboardFinder/BrandMoodboards/v2__bags__chan_luu.jpg,False,"Aesthetic: bohemian, artisanal, layered, soft, detail-oriented. Silhouettes: woven totes, bucket bags, raffia clutches, soft shoulder bags. Materials: raffia, straw, leather, cotton canvas, beads. Palette: natural straw, tan, cream, terracotta, black.","D ifferent vibe. The brand is more cool girl, se q uins, ribbons. regenerated","bohemian, artisanal, layered, soft, detail-oriented","woven totes, bucket bags, raffia clutches, soft shoulder bags","raffia, straw, leather, cotton canvas, beads","natural straw, tan, cream, terracotta, black",0.359031,0.253857,-0.105174,0.909938,0.058540,"Aesthetic: bohemian, artisanal, layered, soft, detail-oriented. Silhouettes: woven totes, bucket bags, raffia clutches, soft shoulder bags. Materials: raffia, straw, leather, cotton canvas, beads. Palette: natural straw, tan, cream, terracotta, black.",0.359031,False,0.000000
ER-002,ALO YOGA,clothes,ios/BrandMoodboardFinder/BrandMoodboardFinder/BrandMoodboards/v2__clothes__alo_yoga.jpg,False,"Aesthetic: activewear, sleek, wellness, polished. Silhouettes: leggings, sports bras, sculpting sets, lounge layers. Materials: technical performance knit, ribbed. Palette: black, white, sage, neutrals.",Overall fine There is the same olive patch 3 times in the board though. regenerated,"activewear, sleek, wellness, polished","leggings, sports bras, sculpting sets, lounge layers","technical performance knit, ribbed","black, white, sage, neutrals",0.359546,0.167582,-0.191964,0.913043,0.056522,"Aesthetic: activewear, sleek, wellness, polished. Silhouettes: leggings, sports bras, sculpting sets, lounge layers. Materials: technical performance knit, ribbed. Palette: black, white, sage, neutrals.",0.359546,False,0.000000
ER-027,Cordera,clothes,ios/BrandMoodboardFinder/BrandMoodboardFinder/BrandMoodboards/v2__clothes__cordera.jpg,False,"Aesthetic: minimal, soft, considered, natural, easy. Silhouettes: fluid knits, easy trousers, soft separates. Materials: wool, cashmere, silk, cotton. Palette: ecru, camel, grey, soft tones.",2 of the same image. medium vibe. brand does more tailoring than in the collage. regenerated,"minimal, soft, considered, natural, easy","fluid knits, easy trousers, soft separates","wool, cashmere, silk, cotton","ecru, camel, grey, soft tones",0.359960,0.268856,-0.091104,0.916149,0.054503,"Aesthetic: minimal, soft, considered, natural, easy. Silhouettes: fluid knits, easy trousers, soft separates. Materials: wool, cashmere, silk, cotton. Palette: ecru, camel, grey, soft tones.",0.359960,False,0.000000
ER-158,Acne Studios,shoes,ios/BrandMoodboardFinder/BrandMoodboardFinder/BrandMoodboards/v2__shoes__acne_studios.jpg,False,"Aesthetic: contemporary, off-beat, chunky, directional, urban. Silhouettes: platform sneakers, ankle boots, loafers, mules, sandals. Materials: leather, suede, rubber, technical mesh. Palette: black, white, beige, pink, metallic accents.",medium vibe need boots and the current trainers. sandals with socks off vibe regenerated,"contemporary, off-beat, chunky, directional, urban","platform sneakers, ankle boots, loafers, mules, sandals","leather, suede, rubber, technical mesh","black, white, beige, pink, metallic accents",0.360222,0.258335,-0.101887,0.919255,0.052484,"Aesthetic: contemporary, off-beat, chunky, directional, urban. Silhouettes: platform sneakers, ankle boots, loafers, mules, sandals. Materials: leather, suede, rubber, technical mesh. Palette: black, white, beige, pink, metallic accents.",0.360222,False,0.000000
ER-225,Veronica Beard,jewellery,ios/BrandMoodboardFinder/BrandMoodboardFinder/BrandMoodboards/v2__jewellery__veronica_beard.jpg,False,"Aesthetic: preppy, sharp, ornamental, sculptural. Silhouettes: hoops, chains, signet rings, pearl earrings. Materials: gold, silver, pearls, semi-precious stones. Palette: gold, silver, pearl, warm neutrals.","close vibe, but add more colour regenerated","preppy, sharp, ornamental, sculptural","hoops, chains, signet rings, pearl earrings","gold, silver, pearls, semi-precious stones","gold, silver, pearl, warm neutrals",0.360399,0.204007,-0.156393,0.922360,0.050466,"Aesthetic: preppy, sharp, ornamental, sculptural. Silhouettes: hoops, chains, signet rings, pearl earrings. Materials: gold, silver, pearls, semi-precious stones. Palette: gold, silver, pearl, warm neutrals.",0.360399,False,0.000000
ER-283,Billabong,clothes,ios/BrandMoodboardFinder/BrandMoodboardFinder/BrandMoodboards/v2__clothes__billabong.jpg,False,"Aesthetic: Billabong clothing expressing Gold Coast surf heritage. Silhouettes: garments or fully clothed adult looks: graphic surf tee without words, striped boardshorts, technical wetsuit, sun-faded crewneck, quilted folk jacket and a relaxed printed shirt. Materials: cotton, wool, denim, leather, knit and technical seasonal fabrics. Palette: ocean blue, sunset orange, faded black, sand and tropical print in coastal light.",Add this brand and create a category-appropriate moodboard. catalog_added_and_generated,Billabong clothing expressing Gold Coast surf heritage,"garments or fully clothed adult looks: graphic surf tee without words, striped boardshorts, technical wetsuit, sun-faded crewneck, quilted folk jacket and a relaxed printed shirt","cotton, wool, denim, leather, knit and technical seasonal fabrics","ocean blue, sunset orange, faded black, sand and tropical print in coastal light",0.360456,0.263711,-0.096745,0.925466,0.048447,"Aesthetic: Billabong clothing expressing Gold Coast surf heritage. Silhouettes: garments or fully clothed adult looks: graphic surf tee without words, striped boardshorts, technical wetsuit, sun-faded crewneck, quilted folk jacket and a relaxed printed shirt. Materials: cotton, wool, denim, leather, knit and technical seasonal fabrics. Palette: ocean blue, sunset orange, faded black, sand and tropical print in coastal light.",0.360456,False,-0.000000
ER-337,Asics,shoes,ios/BrandMoodboardFinder/BrandMoodboardFinder/BrandMoodboards/v2__shoes__asics.jpg,False,"Aesthetic: product-only ASICS SportStyle footwear with one complete single hero shoe per panel: silver-blue GEL-KAYANO 14, cream GEL-NYC, grey-green GT-2160, white-silver GEL-1130, brown technical GEL-VENTURE 6 and black sculptural GEL-KINETIC. Silhouettes: product-only ASICS SportStyle footwear with one complete single hero shoe per panel: silver-blue GEL-KAYANO 14, cream GEL-NYC, grey-green GT-2160, white-silver GEL-1130, brown technical GEL-VENTURE 6 and black sculptural GEL-KINETIC. Materials: leather, suede, canvas, mesh, rubber and technical textiles. Palette: brand-signature neutrals and seasonal colour accents.",Add this brand and create a category-appropriate moodboard. catalog_added_and_generated,"product-only ASICS SportStyle footwear with one complete single hero shoe per panel: silver-blue GEL-KAYANO 14, cream GEL-NYC, grey-green GT-2160, white-silver GEL-1130, brown technical GEL-VENTURE 6 and black sculptural GEL-KINETIC","product-only ASICS SportStyle footwear with one complete single hero shoe per panel: silver-blue GEL-KAYANO 14, cream GEL-NYC, grey-green GT-2160, white-silver GEL-1130, brown technical GEL-VENTURE 6 and black sculptural GEL-KINETIC","leather, suede, canvas, mesh, rubber and technical textiles",brand-signature neutrals and seasonal colour accents,0.360907,0.233141,-0.127766,0.928571,0.046429,"Aesthetic: product-only ASICS SportStyle footwear with one complete single hero shoe per panel: silver-blue GEL-KAYANO 14, cream GEL-NYC, grey-green GT-2160, white-silver GEL-1130, brown technical GEL-VENTURE 6 and black sculptural GEL-KINETIC. Silhouettes: product-only ASICS SportStyle footwear with one complete single hero shoe per panel: silver-blue GEL-KAYANO 14, cream GEL-NYC, grey-green GT-2160, white-silver GEL-1130, brown technical GEL-VENTURE 6 and black sculptural GEL-KINETIC. Materials: leather, suede, canvas, mesh, rubber and technical textiles. Palette: brand-signature neutrals and seasonal colour accents.",0.360907,False,-0.000000
ER-081,Marine Layer,clothes,ios/BrandMoodboardFinder/BrandMoodboardFinder/BrandMoodboards/v2__clothes__marine_layer.jpg,False,"Aesthetic: soft, casual, relaxed, easy, coastal. Silhouettes: soft tees, easy knits, relaxed separates. Materials: micromodal, cotton blends. Palette: washed neutrals, navy, ecru.",2 items repeated twice. close vibe. regenerated,"soft, casual, relaxed, easy, coastal","soft tees, easy knits, relaxed separates","micromodal, cotton blends","washed neutrals, navy, ecru",0.361826,0.199899,-0.161926,0.931677,0.044410,"Aesthetic: soft, casual, relaxed, easy, coastal. Silhouettes: soft tees, easy knits, relaxed separates. Materials: micromodal, cotton blends. Palette: washed neutrals, navy, ecru.",0.361826,False,-0.000000
ER-078,Margaret Howell,clothes,ios/BrandMoodboardFinder/BrandMoodboardFinder/BrandMoodboards/v2__clothes__margaret_howell.jpg,False,"Aesthetic: understated, refined, utilitarian, considered, timeless. Silhouettes: soft tailoring, easy shirting, relaxed trousers. Materials: wool, cotton, linen. Palette: navy, ecru, grey, olive.",Words on the collage. close vibe regenerated,"understated, refined, utilitarian, considered, timeless","soft tailoring, easy shirting, relaxed trousers","wool, cotton, linen","navy, ecru, grey, olive",0.362191,0.219258,-0.142933,0.934783,0.042391,"Aesthetic: understated, refined, utilitarian, considered, timeless. Silhouettes: soft tailoring, easy shirting, relaxed trousers. Materials: wool, cotton, linen. Palette: navy, ecru, grey, olive.",0.362191,False,-0.000000
ER-325,Nike,clothes,ios/BrandMoodboardFinder/BrandMoodboardFinder/BrandMoodboards/v2__clothes__nike.jpg,False,"Aesthetic: Nike apparel spanning modern sport and Sportswear icons. Silhouettes: fully clothed adult looks: sculpted Tech Fleece hoodie and joggers, ACG storm shell with trail pants, Dri-FIT running jacket with shorts over tights, crisp tennis dress with coverage shorts, loose basketball warm-up set and a colour-block Windrunner with woven trousers. Materials: cotton, wool, denim, leather, knit and technical seasonal fabrics. Palette: black, white, volt, royal blue, orange and earthy ACG brown.",Add this brand and create a category-appropriate moodboard. catalog_added_and_generated,Nike apparel spanning modern sport and Sportswear icons,"fully clothed adult looks: sculpted Tech Fleece hoodie and joggers, ACG storm shell with trail pants, Dri-FIT running jacket with shorts over tights, crisp tennis dress with coverage shorts, loose basketball warm-up set and a colour-block Windrunner with woven trousers","cotton, wool, denim, leather, knit and technical seasonal fabrics","black, white, volt, royal blue, orange and earthy ACG brown",0.364015,0.248907,-0.115108,0.937888,0.040373,"Aesthetic: Nike apparel spanning modern sport and Sportswear icons. Silhouettes: fully clothed adult looks: sculpted Tech Fleece hoodie and joggers, ACG storm shell with trail pants, Dri-FIT running jacket with shorts over tights, crisp tennis dress with coverage shorts, loose basketball warm-up set and a colour-block Windrunner with woven trousers. Materials: cotton, wool, denim, leather, knit and technical seasonal fabrics. Palette: black, white, volt, royal blue, orange and earthy ACG brown.",0.364015,False,-0.000000
ER-025,chrome hearts,clothes,ios/BrandMoodboardFinder/BrandMoodboardFinder/BrandMoodboards/v2__clothes__chrome_hearts.jpg,False,"Aesthetic: gothic, biker, rock-refined, silver-heavy, rebellious. Silhouettes: cross jewellery, leather jackets, eyewear, graphic hoodies. Materials: sterling silver, leather, denim, cotton. Palette: black, silver, white, red accents.",R edo fully - the collage only has jewelry regenerated,"gothic, biker, rock-refined, silver-heavy, rebellious","cross jewellery, leather jackets, eyewear, graphic hoodies","sterling silver, leather, denim, cotton","black, silver, white, red accents",0.364519,0.250341,-0.114178,0.940994,0.038354,"Aesthetic: gothic, biker, rock-refined, silver-heavy, rebellious. Silhouettes: cross jewellery, leather jackets, eyewear, graphic hoodies. Materials: sterling silver, leather, denim, cotton. Palette: black, silver, white, red accents.",0.364519,False,0.000000
ER-109,Patou,clothes,ios/BrandMoodboardFinder/BrandMoodboardFinder/BrandMoodboards/v2__clothes__patou.jpg,False,"Aesthetic: Parisian, playful, polished, feminine, modern. Silhouettes: crisp shirts, voluminous skirts, tailored separates, bow details and clean day dresses. Materials: cotton poplin, wool, technical taffeta, knit and smooth leather. Palette: navy, white, black, red and soft pastel accents.",Off vibe. not ethnic or boho at all. regenerated,"Parisian, playful, polished, feminine, modern","crisp shirts, voluminous skirts, tailored separates, bow details and clean day dresses","cotton poplin, wool, technical taffeta, knit and smooth leather","navy, white, black, red and soft pastel accents",0.365174,0.226999,-0.138174,0.944099,0.036335,"Aesthetic: joyful, sustainable, feminine, fresh. Silhouettes: flared dresses, structured tops, easy tailoring. Materials: organic cotton, wool, recycled fabrics. Palette: brights, ivory, navy, print.",0.296757,True,0.068417
ER-277,Adidas,clothes,ios/BrandMoodboardFinder/BrandMoodboardFinder/BrandMoodboards/v2__clothes__adidas.jpg,False,"Aesthetic: Adidas apparel with six distinct fully clothed adult looks or garments: classic Firebird track jacket, three-stripe track trousers, retro football jersey without words, technical running shell, minimalist training set and a heritage colour-block sweatshirt. Silhouettes: Adidas apparel with six distinct fully clothed adult looks or garments: classic Firebird track jacket, three-stripe track trousers, retro football jersey without words, technical running shell, minimalist training set and a heritage colour-block sweatshirt. Materials: cotton, wool, denim, leather, knit and technical seasonal fabrics. Palette: black-white, royal blue, red, forest green and cream.",Add this brand and create a category-appropriate moodboard. catalog_added_and_generated,"Adidas apparel with six distinct fully clothed adult looks or garments: classic Firebird track jacket, three-stripe track trousers, retro football jersey without words, technical running shell, minimalist training set and a heritage colour-block sweatshirt","Adidas apparel with six distinct fully clothed adult looks or garments: classic Firebird track jacket, three-stripe track trousers, retro football jersey without words, technical running shell, minimalist training set and a heritage colour-block sweatshirt","cotton, wool, denim, leather, knit and technical seasonal fabrics","black-white, royal blue, red, forest green and cream",0.366336,0.248600,-0.117736,0.947205,0.034317,"Aesthetic: Adidas apparel with six distinct fully clothed adult looks or garments: classic Firebird track jacket, three-stripe track trousers, retro football jersey without words, technical running shell, minimalist training set and a heritage colour-block sweatshirt. Silhouettes: Adidas apparel with six distinct fully clothed adult looks or garments: classic Firebird track jacket, three-stripe track trousers, retro football jersey without words, technical running shell, minimalist training set and a heritage colour-block sweatshirt. Materials: cotton, wool, denim, leather, knit and technical seasonal fabrics. Palette: black-white, royal blue, red, forest green and cream.",0.366336,False,0.000000
ER-180,Comme des Garçons PLAY,shoes,ios/BrandMoodboardFinder/BrandMoodboardFinder/BrandMoodboards/v2__shoes__comme_des_garcons_play.jpg,False,"Aesthetic: playful, graphic, logo-led, casual, pop-art. Silhouettes: low-top canvas sneakers, high-top canvas sneakers, retro rubber-toe trainers. Materials: cotton canvas, rubber foxing, embroidery and printed heart appliqué. Palette: black, white, cream, navy and signature red.","Close vibe, but worth splitting into DG play with the heart converse. and the avantgarde C DG C regenerated","playful, graphic, logo-led, casual, pop-art","low-top canvas sneakers, high-top canvas sneakers, retro rubber-toe trainers","cotton canvas, rubber foxing, embroidery and printed heart appliqué","black, white, cream, navy and signature red",0.370321,0.277843,-0.092478,0.950311,0.032298,"Aesthetic: conceptual, deconstructed, graphic, offbeat, experimental. Silhouettes: collab sneakers, rounded derbies, sculptural flats, chunky soles. Materials: leather, canvas, rubber, technical mesh. Palette: black, white, red, graphic contrast.",0.300774,True,0.069547
ER-242,Chopova Lowena,bags,ios/BrandMoodboardFinder/BrandMoodboardFinder/BrandMoodboards/v2__bags__chopova_lowena.jpg,False,"Aesthetic: punk, folkloric, grunge, handcrafted, hardware-heavy. Silhouettes: tartan totes, grommet bucket bags, asymmetric shoulder bags, chain-handle mini bags. Materials: tartan wool, black leather, mesh, silver chains, studs and charms. Palette: red, cobalt, forest green, black and silver.","D ifferent vibe. No straw at all. It’s edgy, with plaid, studs. regenerated","punk, folkloric, grunge, handcrafted, hardware-heavy","tartan totes, grommet bucket bags, asymmetric shoulder bags, chain-handle mini bags","tartan wool, black leather, mesh, silver chains, studs and charms","red, cobalt, forest green, black and silver",0.370707,0.292380,-0.078327,0.953416,0.030280,"Aesthetic: eclectic, craft, folkloric, exuberant, detail-oriented. Silhouettes: woven totes, bucket bags, raffia clutches, soft shoulder bags. Materials: raffia, straw, leather, cotton canvas, beads. Palette: natural straw, tan, cream, terracotta, black.",0.216545,True,0.154162
ER-059,Khaite,clothes,ios/BrandMoodboardFinder/BrandMoodboardFinder/BrandMoodboards/v2__clothes__khaite.jpg,False,"Aesthetic: modern, sensual, refined, polished, confident, sleek. Silhouettes: sharp tailoring, sculpted knits, bias dresses, leather coats. Materials: cashmere, leather, silk, fine cotton, denim. Palette: black, ivory, cream, deep brown, burgundy.",close vibe. 2 pairs of the same images regenerated,"modern, sensual, refined, polished, confident, sleek","sharp tailoring, sculpted knits, bias dresses, leather coats","cashmere, leather, silk, fine cotton, denim","black, ivory, cream, deep brown, burgundy",0.370933,0.192795,-0.178138,0.956522,0.028261,"Aesthetic: modern, sensual, refined, polished, confident, sleek. Silhouettes: sharp tailoring, sculpted knits, bias dresses, leather coats. Materials: cashmere, leather, silk, fine cotton, denim. Palette: black, ivory, cream, deep brown, burgundy.",0.370933,False,0.000000
ER-051,Iris Von Arnim,clothes,ios/BrandMoodboardFinder/BrandMoodboardFinder/BrandMoodboards/v2__clothes__iris_von_arnim.jpg,False,"Aesthetic: refined, knitwear-led, quiet-refined, soft, considered. Silhouettes: fine cashmere knits, fluid separates, soft sweaters. Materials: cashmere. Palette: camel, ivory, grey, soft tones.",Close vibe. repeated image. regenerated,"refined, knitwear-led, quiet-refined, soft, considered","fine cashmere knits, fluid separates, soft sweaters",cashmere,"camel, ivory, grey, soft tones",0.373863,0.210081,-0.163782,0.959627,0.026242,"Aesthetic: refined, knitwear-led, quiet-refined, soft, considered. Silhouettes: fine cashmere knits, fluid separates, soft sweaters. Materials: cashmere. Palette: camel, ivory, grey, soft tones.",0.373863,False,-0.000000
ER-131,Slowear,clothes,ios/BrandMoodboardFinder/BrandMoodboardFinder/BrandMoodboards/v2__clothes__slowear.jpg,False,"Aesthetic: refined, easy, sartorial-casual, considered, soft. Silhouettes: soft tailoring, easy trousers, fine knits. Materials: wool, cotton, jersey. Palette: navy, grey, ecru, olive.",words on the collage. close vibe regenerated,"refined, easy, sartorial-casual, considered, soft","soft tailoring, easy trousers, fine knits","wool, cotton, jersey","navy, grey, ecru, olive",0.375195,0.203510,-0.171686,0.962733,0.024224,"Aesthetic: refined, easy, sartorial-casual, considered, soft. Silhouettes: soft tailoring, easy trousers, fine knits. Materials: wool, cotton, jersey. Palette: navy, grey, ecru, olive.",0.375195,False,0.000000
ER-298,Gant,clothes,ios/BrandMoodboardFinder/BrandMoodboardFinder/BrandMoodboards/v2__clothes__gant.jpg,False,"Aesthetic: GANT clothing rooted in East Coast American sportswear and collegiate prep. Silhouettes: fully clothed adult looks or garments: striped Oxford button-down, navy cable-knit sweater, red-and-navy varsity jacket, cotton-twill chinos, striped heavy rugger and a classic wool club blazer. Materials: cotton, wool, denim, leather, knit and technical seasonal fabrics. Palette: navy, cream, Yale blue, oxblood red and khaki with crisp campus and studio light.",Add this brand and create a category-appropriate moodboard. catalog_added_and_generated,GANT clothing rooted in East Coast American sportswear and collegiate prep,"fully clothed adult looks or garments: striped Oxford button-down, navy cable-knit sweater, red-and-navy varsity jacket, cotton-twill chinos, striped heavy rugger and a classic wool club blazer","cotton, wool, denim, leather, knit and technical seasonal fabrics","navy, cream, Yale blue, oxblood red and khaki with crisp campus and studio light",0.375616,0.251560,-0.124056,0.965839,0.022205,"Aesthetic: GANT clothing rooted in East Coast American sportswear and collegiate prep. Silhouettes: fully clothed adult looks or garments: striped Oxford button-down, navy cable-knit sweater, red-and-navy varsity jacket, cotton-twill chinos, striped heavy rugger and a classic wool club blazer. Materials: cotton, wool, denim, leather, knit and technical seasonal fabrics. Palette: navy, cream, Yale blue, oxblood red and khaki with crisp campus and studio light.",0.375616,False,0.000000
ER-089,Molly Goddard,clothes,ios/BrandMoodboardFinder/BrandMoodboardFinder/BrandMoodboards/v2__clothes__molly_goddard.jpg,False,"Aesthetic: playful, romantic, exuberant, tulle, whimsical. Silhouettes: voluminous tulle dresses, smocking, ruffles, bold knits. Materials: tulle, nylon, cotton, knit. Palette: bright pink, lilac, red, green, black.","Medium vibe. more playful - the interior, the sweater and the green dress + trousers off vibe. regenerated","playful, romantic, exuberant, tulle, whimsical","voluminous tulle dresses, smocking, ruffles, bold knits","tulle, nylon, cotton, knit","bright pink, lilac, red, green, black",0.376797,0.183605,-0.193192,0.968944,0.020186,"Aesthetic: playful, romantic, exuberant, tulle, whimsical. Silhouettes: voluminous tulle dresses, smocking, ruffles, bold knits. Materials: tulle, nylon, cotton, knit. Palette: bright pink, lilac, red, green, black.",0.376797,False,-0.000000
ER-302,Hollister,clothes,ios/BrandMoodboardFinder/BrandMoodboardFinder/BrandMoodboards/v2__clothes__hollister.jpg,False,"Aesthetic: Hollister clothing expressing relaxed current California youth style. Silhouettes: fully clothed adult looks: super-baggy jeans with plain tee, boxy washed hoodie, relaxed thermal Henley, brushed flannel overshirt, all-weather windbreaker and low-rise wide-leg trousers with fitted cotton top. Materials: cotton, wool, denim, leather, knit and technical seasonal fabrics. Palette: mid-wash denim, heather grey, navy, faded red, cream and olive in warm coastal daylight.",Add this brand and create a category-appropriate moodboard. catalog_added_and_generated,Hollister clothing expressing relaxed current California youth style,"fully clothed adult looks: super-baggy jeans with plain tee, boxy washed hoodie, relaxed thermal Henley, brushed flannel overshirt, all-weather windbreaker and low-rise wide-leg trousers with fitted cotton top","cotton, wool, denim, leather, knit and technical seasonal fabrics","mid-wash denim, heather grey, navy, faded red, cream and olive in warm coastal daylight",0.377460,0.252807,-0.124653,0.972050,0.018168,"Aesthetic: Hollister clothing expressing relaxed current California youth style. Silhouettes: fully clothed adult looks: super-baggy jeans with plain tee, boxy washed hoodie, relaxed thermal Henley, brushed flannel overshirt, all-weather windbreaker and low-rise wide-leg trousers with fitted cotton top. Materials: cotton, wool, denim, leather, knit and technical seasonal fabrics. Palette: mid-wash denim, heather grey, navy, faded red, cream and olive in warm coastal daylight.",0.377460,False,-0.000000
ER-206,Simon Miller,jewellery,ios/BrandMoodboardFinder/BrandMoodboardFinder/BrandMoodboards/v2__jewellery__simon_miller.jpg,False,"Aesthetic: playful, resort, novelty, colourful, handcrafted. Silhouettes: oversized palm-tree drops, fruit earrings, starfish earrings and raffia statement drops. Materials: resin, enamel, raffia, beads and gold-tone findings. Palette: emerald green, orange, yellow, natural raffia, black and gold.","limited jewelry, off vibe. regenerated","playful, resort, novelty, colourful, handcrafted","oversized palm-tree drops, fruit earrings, starfish earrings and raffia statement drops","resin, enamel, raffia, beads and gold-tone findings","emerald green, orange, yellow, natural raffia, black and gold",0.377528,0.207937,-0.169591,0.975155,0.016149,"Aesthetic: minimal, sculptural, downtown, considered, ornamental. Silhouettes: slim hoops, clean rings, simple chains, cuffs. Materials: sterling silver, gold vermeil, recycled brass. Palette: silver, gold, pearl, black.",0.195132,True,0.182396
ER-033,Dickies,clothes,ios/BrandMoodboardFinder/BrandMoodboardFinder/BrandMoodboards/v2__clothes__dickies.jpg,False,"Aesthetic: workwear, utilitarian, durable, street, heritage. Silhouettes: work pants, carpenter trousers, work shirts, coveralls. Materials: cotton twill, duck canvas. Palette: tan, black, navy, hunter green.",2 pairs of the same image. overall close vibe. regenerated,"workwear, utilitarian, durable, street, heritage","work pants, carpenter trousers, work shirts, coveralls","cotton twill, duck canvas","tan, black, navy, hunter green",0.377615,0.200993,-0.176622,0.978261,0.014130,"Aesthetic: workwear, utilitarian, durable, street, heritage. Silhouettes: work pants, carpenter trousers, work shirts, coveralls. Materials: cotton twill, duck canvas. Palette: tan, black, navy, hunter green.",0.377615,False,-0.000000
ER-309,Lululemon,clothes,ios/BrandMoodboardFinder/BrandMoodboardFinder/BrandMoodboards/v2__clothes__lululemon.jpg,False,"Aesthetic: lululemon apparel covering performance and all-day movement. Silhouettes: fully clothed adult looks: Align high-rise pant with waist-length top, Define jacket and training pant, Wunder Train set with full-length top, oversized Scuba hoodie with straight-leg pant, mens Pace Breaker running look and ABC trouser with technical polo. Materials: cotton, wool, denim, leather, knit and technical seasonal fabrics. Palette: black, true navy, cypress green, dusty blue, warm grey and one berry accent.",Add this brand and create a category-appropriate moodboard. catalog_added_and_generated,lululemon apparel covering performance and all-day movement,"fully clothed adult looks: Align high-rise pant with waist-length top, Define jacket and training pant, Wunder Train set with full-length top, oversized Scuba hoodie with straight-leg pant, mens Pace Breaker running look and ABC trouser with technical polo","cotton, wool, denim, leather, knit and technical seasonal fabrics","black, true navy, cypress green, dusty blue, warm grey and one berry accent",0.378406,0.229510,-0.148897,0.981366,0.012112,"Aesthetic: lululemon apparel covering performance and all-day movement. Silhouettes: fully clothed adult looks: Align high-rise pant with waist-length top, Define jacket and training pant, Wunder Train set with full-length top, oversized Scuba hoodie with straight-leg pant, mens Pace Breaker running look and ABC trouser with technical polo. Materials: cotton, wool, denim, leather, knit and technical seasonal fabrics. Palette: black, true navy, cypress green, dusty blue, warm grey and one berry accent.",0.378406,False,0.000000
ER-176,Chopova Lowena,shoes,ios/BrandMoodboardFinder/BrandMoodboardFinder/BrandMoodboards/v2__shoes__chopova_lowena.jpg,False,"Aesthetic: punk, rugged, folkloric, eclectic, hardware-heavy. Silhouettes: tartan platform boots, studded motorcycle boots, trail shoes, clogs and hybrid lace-ups. Materials: tartan wool, leather, suede, rubber, studs and carabiner hardware. Palette: brown, black, forest green, red tartan and silver.",Completely off vibe. regenerated,"punk, rugged, folkloric, eclectic, hardware-heavy","tartan platform boots, studded motorcycle boots, trail shoes, clogs and hybrid lace-ups","tartan wool, leather, suede, rubber, studs and carabiner hardware","brown, black, forest green, red tartan and silver",0.379145,0.197023,-0.182122,0.984472,0.010093,"Aesthetic: eclectic, craft, folkloric, exuberant, practical. Silhouettes: flat sandals, espadrilles, woven slides, soft boots. Materials: leather, suede, raffia, canvas, jute. Palette: tan, cream, terracotta, black.",0.291656,True,0.087489
ER-111,Pendleton,clothes,ios/BrandMoodboardFinder/BrandMoodboardFinder/BrandMoodboards/v2__clothes__pendleton.jpg,False,"Aesthetic: heritage, rugged, woven, outdoorsy, classic. Silhouettes: wool overshirts, blanket-pattern pieces, easy outerwear. Materials: virgin wool, cotton. Palette: heritage plaid, earth tones, red, navy.",repeated image close vibe - more ponchos/scarves and print stuff regenerated,"heritage, rugged, woven, outdoorsy, classic","wool overshirts, blanket-pattern pieces, easy outerwear","virgin wool, cotton","heritage plaid, earth tones, red, navy",0.380994,0.264430,-0.116564,0.987578,0.008075,"Aesthetic: heritage, rugged, woven, outdoorsy, classic. Silhouettes: wool overshirts, blanket-pattern pieces, easy outerwear. Materials: virgin wool, cotton. Palette: heritage plaid, earth tones, red, navy.",0.380994,False,0.000000
ER-300,Gymshark,clothes,ios/BrandMoodboardFinder/BrandMoodboardFinder/BrandMoodboards/v2__clothes__gymshark.jpg,False,"Aesthetic: Gymshark apparel focused on functional training rather than lifestyle merchandise. Silhouettes: fully clothed adult athletic looks: Vital seamless training set, Adapt Fleck lifting set, mens stringer with training joggers, technical running shell with shorts over tights, relaxed rest-day hoodie-and-jogger set and a lightweight studio layer. Materials: cotton, wool, denim, leather, knit and technical seasonal fabrics. Palette: black marl, mineral grey, deep blue, muted purple, green and one orange accent.",Add this brand and create a category-appropriate moodboard. catalog_added_and_generated,Gymshark apparel focused on functional training rather than lifestyle merchandise,"fully clothed adult athletic looks: Vital seamless training set, Adapt Fleck lifting set, mens stringer with training joggers, technical running shell with shorts over tights, relaxed rest-day hoodie-and-jogger set and a lightweight studio layer","cotton, wool, denim, leather, knit and technical seasonal fabrics","black marl, mineral grey, deep blue, muted purple, green and one orange accent",0.391574,0.229203,-0.162371,0.990683,0.006056,"Aesthetic: Gymshark apparel focused on functional training rather than lifestyle merchandise. Silhouettes: fully clothed adult athletic looks: Vital seamless training set, Adapt Fleck lifting set, mens stringer with training joggers, technical running shell with shorts over tights, relaxed rest-day hoodie-and-jogger set and a lightweight studio layer. Materials: cotton, wool, denim, leather, knit and technical seasonal fabrics. Palette: black marl, mineral grey, deep blue, muted purple, green and one orange accent.",0.391574,False,-0.000000
ER-296,Erdem,clothes,ios/BrandMoodboardFinder/BrandMoodboardFinder/BrandMoodboards/v2__clothes__erdem.jpg,False,"Aesthetic: Erdem clothing expressing romantic historical research through modern London craft. Silhouettes: fully clothed adult looks or garments: rose-print draped midi dress, trailing-floral embroidered blazer, textured-satin evening gown, floral jacquard cardigan-and-skirt, structured cropped wool jacket with threadwork and a crisp floral shirt dress. Materials: cotton, wool, denim, leather, knit and technical seasonal fabrics. Palette: forest green, ivory, rose, black, acid yellow and deep burgundy with refined embroidery and painterly botanicals.",Add this brand and create a category-appropriate moodboard. catalog_added_and_generated,Erdem clothing expressing romantic historical research through modern London craft,"fully clothed adult looks or garments: rose-print draped midi dress, trailing-floral embroidered blazer, textured-satin evening gown, floral jacquard cardigan-and-skirt, structured cropped wool jacket with threadwork and a crisp floral shirt dress","cotton, wool, denim, leather, knit and technical seasonal fabrics","forest green, ivory, rose, black, acid yellow and deep burgundy with refined embroidery and painterly botanicals",0.393046,0.229636,-0.163410,0.993789,0.004037,"Aesthetic: Erdem clothing expressing romantic historical research through modern London craft. Silhouettes: fully clothed adult looks or garments: rose-print draped midi dress, trailing-floral embroidered blazer, textured-satin evening gown, floral jacquard cardigan-and-skirt, structured cropped wool jacket with threadwork and a crisp floral shirt dress. Materials: cotton, wool, denim, leather, knit and technical seasonal fabrics. Palette: forest green, ivory, rose, black, acid yellow and deep burgundy with refined embroidery and painterly botanicals.",0.393046,False,0.000000
ER-006,Arizona Love,clothes,ios/BrandMoodboardFinder/BrandMoodboardFinder/BrandMoodboards/v2__clothes__arizona_love.jpg,False,"Aesthetic: bohemian, vibrant, coastal, relaxed, playful. Silhouettes: flowing dresses, relaxed shorts, oversized shirts, minimalist sandals. Materials: recycled fabrics, suede, denim, linen. Palette: terracotta, ocean teal, dusty rose, leopard.","Medium vibe. can use signature bandana print, and more cowboy and beachwear regenerated","bohemian, vibrant, coastal, relaxed, playful","flowing dresses, relaxed shorts, oversized shirts, minimalist sandals","recycled fabrics, suede, denim, linen","terracotta, ocean teal, dusty rose, leopard",0.394064,0.261197,-0.132867,0.996894,0.002019,"Aesthetic: bohemian, vibrant, coastal, relaxed, playful. Silhouettes: flowing dresses, relaxed shorts, oversized shirts, minimalist sandals. Materials: recycled fabrics, suede, denim, linen. Palette: terracotta, ocean teal, dusty rose, leopard.",0.394064,False,0.000000
ER-238,CASABLANCA,bags,ios/BrandMoodboardFinder/BrandMoodboardFinder/BrandMoodboards/v2__bags__casablanca.jpg,False,"Aesthetic: sport-luxe, sunny, witty, retro, graphic. Silhouettes: tennis-racket crossbodies, orange-shaped top handles, travel pouches, circular sport bags and bowling bags. Materials: smooth leather, coated canvas, enamel details and polished hardware. Palette: tennis green, orange, sky blue, white and black.","W rong vibe - more modern, with a j oke, than sparkly and boho. regenerated","sport-luxe, sunny, witty, retro, graphic","tennis-racket crossbodies, orange-shaped top handles, travel pouches, circular sport bags and bowling bags","smooth leather, coated canvas, enamel details and polished hardware","tennis green, orange, sky blue, white and black",0.397813,0.215422,-0.182390,1.000000,0.000000,"Aesthetic: refined-leisure, sunny, retro, opulent, detail-oriented. Silhouettes: mini bags, clutches, crystal pouches, evening shoulder bags. Materials: satin, crystals, beads, leather, metal hardware. Palette: black, silver, gold, jewel tones.",0.244734,True,0.153079
